NUMBER,ID,GATE - 1 INDEX,SPAWNTIME(MIN)
0,A0,4,18156
1,B1,2,6217
2,C2,4,19277
3,D3,2,7338
4,E4,5,20398
5,F5,2,8459
6,G6,5,21520
7,H7,2,9581
8,I8,5,22641
9,J9,3,10702
10,K10,5,23762
11,L11,3,11823
12,M12,5,24883
13,N13,3,12944
14,O14,1,1005
15,P15,3,14066
16,Q16,1,2127
17,R17,4,15187
18,S18,1,3248
19,T19,4,16308
20,U20,1,4369
21,V21,4,17429
22,W22,2,5490
23,X23,4,18550
24,Y24,2,6612
25,Z25,4,19672
26,A26,2,7733
27,B27,5,20793
28,C28,2,8854
29,D29,5,21914
30,E30,2,9975
31,F31,5,23035
32,G32,3,11096
33,H33,5,24156
34,I34,3,12218
35,J35,1,279
36,K36,3,13339
37,L37,1,1400
38,M38,3,14460
39,N39,1,2521
40,O40,4,15581
41,P41,1,3642
42,Q42,4,16702
43,R43,1,4764
44,S44,4,17824
45,T45,2,5885
46,U46,4,18945
47,V47,2,7006
48,W48,5,20066
49,X49,2,8127
50,Y50,5,21187
51,Z51,2,9248
52,A52,5,22309
53,B53,3,10370
54,C54,5,23430
55,D55,3,11491
56,E56,5,24551
57,F57,3,12612
58,G58,1,673
59,H59,3,13733
60,I60,1,1794
61,J61,3,14855
62,K62,1,2916
63,L63,4,15976
64,M64,1,4037
65,N65,4,17097
66,O66,2,5158
67,P67,4,18218
68,Q68,2,6279
69,R69,4,19339
70,S70,2,7401
71,T71,5,20461
72,U72,2,8522
73,V73,5,21582
74,W74,2,9643
75,X75,5,22703
76,Y76,3,10764
77,Z77,5,23824
78,A78,3,11885
79,B79,5,24946
80,C80,3,13007
81,D81,1,1068
82,E82,3,14128
83,F83,1,2189
84,G84,4,15249
85,H85,1,3310
86,I86,4,16370
87,J87,1,4431
88,K88,4,17492
89,L89,2,5553
90,M90,4,18613
91,N91,2,6674
92,O92,4,19734
93,P93,2,7795
94,Q94,5,20855
95,R95,2,8916
96,S96,5,21976
97,T97,3,10038
98,U98,5,23098
99,V99,3,11159
100,W100,5,24219
101,X101,3,12280
102,Y102,1,341
103,Z103,3,13401
104,A104,1,1462
105,B105,3,14522
106,C106,1,2584
107,D107,4,15644
108,E108,1,3705
109,F109,4,16765
110,G110,1,4826
111,H111,4,17886
112,I112,2,5947
113,J113,4,19007
114,K114,2,7068
115,L115,5,20129
116,M116,2,8190
117,N117,5,21250
118,O118,2,9311
119,P119,5,22371
120,Q120,3,10432
121,R121,5,23492
122,S122,3,11553
123,T123,5,24613
124,U124,3,12675
125,V125,1,736
126,W126,3,13796
127,X127,1,1857
128,Y128,3,14917
129,Z129,1,2978
130,A130,4,16038
131,B131,1,4099
132,C132,4,17159
133,D133,2,5221
134,E134,4,18281
135,F135,2,6342
136,G136,4,19402
137,H137,2,7463
138,I138,5,20523
139,J139,2,8584
140,K140,5,21644
141,L141,2,9705
142,M142,5,22766
143,N143,3,10827
144,O144,5,23887
145,P145,3,11948
146,Q146,1,9
147,R147,3,13069
148,S148,1,1130
149,T149,3,14190
150,U150,1,2251
151,V151,4,15312
152,W152,1,3373
153,X153,4,16433
154,Y154,1,4494
155,Z155,4,17554
156,A156,2,5615
157,B157,4,18675
158,C158,2,6736
159,D159,4,19796
160,E160,2,7858
161,F161,5,20918
162,G162,2,8979
163,H163,5,22039
164,I164,3,10100
165,J165,5,23160
166,K166,3,11221
167,L167,5,24281
168,M168,3,12342
169,N169,1,404
170,O170,3,13464
171,P171,1,1525
172,Q172,3,14585
173,R173,1,2646
174,S174,4,15706
175,T175,1,3767
176,U176,4,16827
177,V177,1,4888
178,W178,4,17949
179,X179,2,6010
180,Y180,4,19070
181,Z181,2,7131
182,A182,5,20191
183,B183,2,8252
184,C184,5,21312
185,D185,2,9373
186,E186,5,22433
187,F187,3,10495
188,G188,5,23555
189,H189,3,11616
190,I190,5,24676
191,J191,3,12737
192,K192,1,798
193,L193,3,13858
194,M194,1,1919
195,N195,3,14979
196,O196,1,3040
197,P197,4,16101
198,Q198,1,4162
199,R199,4,17222
200,S200,2,5283
201,T201,4,18343
202,U202,2,6404
203,V203,4,19464
204,W204,2,7525
205,X205,5,20585
206,Y206,2,8647
207,Z207,5,21707
208,A208,2,9768
209,B209,5,22828
210,C210,3,10889
211,D211,5,23949
212,E212,3,12010
213,F213,1,71
214,G214,3,13131
215,H215,1,1193
216,I216,3,14253
217,J217,1,2314
218,K218,4,15374
219,L219,1,3435
220,M220,4,16495
221,N221,1,4556
222,O222,4,17616
223,P223,2,5677
224,Q224,4,18738
225,R225,2,6799
226,S226,4,19859
227,T227,2,7920
228,U228,5,20980
229,V229,2,9041
230,W230,5,22101
231,X231,3,10162
232,Y232,5,23222
233,Z233,3,11284
234,A234,5,24344
235,B235,3,12405
236,C236,1,466
237,D237,3,13526
238,E238,1,1587
239,F239,3,14647
240,G240,1,2708
241,H241,4,15768
242,I242,1,3830
243,J243,4,16890
244,K244,1,4951
245,L245,4,18011
246,M246,2,6072
247,N247,4,19132
248,O248,2,7193
249,P249,5,20253
250,Q250,2,8314
251,R251,5,21375
252,S252,2,9436
253,T253,5,22496
254,U254,3,10557
255,V255,5,23617
256,W256,3,11678
257,X257,5,24738
258,Y258,3,12799
259,Z259,1,860
260,A260,3,13921
261,B261,1,1982
262,C262,4,15042
263,D263,1,3103
264,E264,4,16163
265,F265,1,4224
266,G266,4,17284
267,H267,2,5345
268,I268,4,18405
269,J269,2,6467
270,K270,4,19527
271,L271,2,7588
272,M272,5,20648
273,N273,2,8709
274,O274,5,21769
275,P275,2,9830
276,Q276,5,22890
277,R277,3,10951
278,S278,5,24012
279,T279,3,12073
280,U280,1,134
281,V281,3,13194
282,W282,1,1255
283,X283,3,14315
284,Y284,1,2376
285,Z285,4,15436
286,A286,1,3497
287,B287,4,16558
288,C288,1,4619
289,D289,4,17679
290,E290,2,5740
291,F291,4,18800
292,G292,2,6861
293,H293,4,19921
294,I294,2,7982
295,J295,5,21042
296,K296,2,9104
297,L297,5,22164
298,M298,3,10225
299,N299,5,23285
300,O300,3,11346
301,P301,5,24406
302,Q302,3,12467
303,R303,1,528
304,S304,3,13588
305,T305,1,1650
306,U306,3,14710
307,V307,1,2771
308,W308,4,15831
309,X309,1,3892
310,Y310,4,16952
311,Z311,2,5013
312,A312,4,18073
313,B313,2,6134
314,C314,4,19195
315,D315,2,7256
316,E316,5,20316
317,F317,2,8377
318,G318,5,21437
319,H319,2,9498
320,I320,5,22558
321,J321,3,10619
322,K322,5,23679
323,L323,3,11741
324,M324,5,24801
325,N325,3,12862
326,O326,1,923
327,P327,3,13983
328,Q328,1,2044
329,R329,4,15104
330,S330,1,3165
331,T331,4,16225
332,U332,1,4287
333,V333,4,17347
334,W334,2,5408
335,X335,4,18468
336,Y336,2,6529
337,Z337,4,19589
338,A338,2,7650
339,B339,5,20710
340,C340,2,8771
341,D341,5,21832
342,E342,2,9893
343,F343,5,22953
344,G344,3,11014
345,H345,5,24074
346,I346,3,12135
347,J347,1,196
348,K348,3,13256
349,L349,1,1317
350,M350,3,14378
351,N351,1,2439
352,O352,4,15499
353,P353,1,3560
354,Q354,4,16620
355,R355,1,4681
356,S356,4,17741
357,T357,2,5802
358,U358,4,18862
359,V359,2,6923
360,W360,4,19984
361,X361,2,8045
362,Y362,5,21105
363,Z363,2,9166
364,A364,5,22226
365,B365,3,10287
366,C366,5,23347
367,D367,3,11408
368,E368,5,24468
369,F369,3,12530
370,G370,1,591
371,H371,3,13651
372,I372,1,1712
373,J373,3,14772
374,K374,1,2833
375,L375,4,15893
376,M376,1,3954
377,N377,4,17014
378,O378,2,5076
379,P379,4,18136
380,Q380,2,6197
381,R381,4,19257
382,S382,2,7318
383,T383,5,20378
384,U384,2,8439
385,V385,5,21499
386,W386,2,9560
387,X387,5,22621
388,Y388,3,10682
389,Z389,5,23742
390,A390,3,11803
391,B391,5,24863
392,C392,3,12924
393,D393,1,985
394,E394,3,14045
395,F395,1,2106
396,G396,4,15167
397,H397,1,3228
398,I398,4,16288
399,J399,1,4349
400,K400,4,17409
401,L401,2,5470
402,M402,4,18530
403,N403,2,6591
404,O404,4,19651
405,P405,2,7713
406,Q406,5,20773
407,R407,2,8834
408,S408,5,21894
409,T409,2,9955
410,U410,5,23015
411,V411,3,11076
412,W412,5,24136
413,X413,3,12197
414,Y414,1,259
415,Z415,3,13319
416,A416,1,1380
417,B417,3,14440
418,C418,1,2501
419,D419,4,15561
420,E420,1,3622
421,F421,4,16682
422,G422,1,4743
423,H423,4,17804
424,I424,2,5865
425,J425,4,18925
426,K426,2,6986
427,L427,5,20046
428,M428,2,8107
429,N429,5,21167
430,O430,2,9228
431,P431,5,22288
432,Q432,3,10350
433,R433,5,23410
434,S434,3,11471
435,T435,5,24531
436,U436,3,12592
437,V437,1,653
438,W438,3,13713
439,X439,1,1774
440,Y440,3,14834
441,Z441,1,2896
442,A442,4,15956
443,B443,1,4017
444,C444,4,17077
445,D445,2,5138
446,E446,4,18198
447,F447,2,6259
448,G448,4,19319
449,H449,2,7380
450,I450,5,20441
451,J451,2,8502
452,K452,5,21562
453,L453,2,9623
454,M454,5,22683
455,N455,3,10744
456,O456,5,23804
457,P457,3,11865
458,Q458,5,24925
459,R459,3,12987
460,S460,1,1048
461,T461,3,14108
462,U462,1,2169
463,V463,4,15229
464,W464,1,3290
465,X465,4,16350
466,Y466,1,4411
467,Z467,4,17471
468,A468,2,5533
469,B469,4,18593
470,C470,2,6654
471,D471,4,19714
472,E472,2,7775
473,F473,5,20835
474,G474,2,8896
475,H475,5,21956
476,I476,3,10017
477,J477,5,23078
478,K478,3,11139
479,L479,5,24199
480,M480,3,12260
481,N481,1,321
482,O482,3,13381
483,P483,1,1442
484,Q484,3,14502
485,R485,1,2563
486,S486,4,15624
487,T487,1,3685
488,U488,4,16745
489,V489,1,4806
490,W490,4,17866
491,X491,2,5927
492,Y492,4,18987
493,Z493,2,7048
494,A494,5,20108
495,B495,2,8170
496,C496,5,21230
497,D497,2,9291
498,E498,5,22351
499,F499,3,10412
500,G500,5,23472
501,H501,3,11533
502,I502,5,24593
503,J503,3,12654
504,K504,1,716
505,L505,3,13776
506,M506,1,1837
507,N507,3,14897
508,O508,1,2958
509,P509,4,16018
510,Q510,1,4079
511,R511,4,17139
512,S512,2,5200
513,T513,4,18261
514,U514,2,6322
515,V515,4,19382
516,W516,2,7443
517,X517,5,20503
518,Y518,2,8564
519,Z519,5,21624
520,A520,2,9685
521,B521,5,22745
522,C522,3,10806
523,D523,5,23867
524,E524,3,11928
525,F525,5,24988
526,G526,3,13049
527,H527,1,1110
528,I528,3,14170
529,J529,1,2231
530,K530,4,15291
531,L531,1,3352
532,M532,4,16413
533,N533,1,4474
534,O534,4,17534
535,P535,2,5595
536,Q536,4,18655
537,R537,2,6716
538,S538,4,19776
539,T539,2,7837
540,U540,5,20897
541,V541,2,8959
542,W542,5,22019
543,X543,3,10080
544,Y544,5,23140
545,Z545,3,11201
546,A546,5,24261
547,B547,3,12322
548,C548,1,383
549,D549,3,13443
550,E550,1,1505
551,F551,3,14565
552,G552,1,2626
553,H553,4,15686
554,I554,1,3747
555,J555,4,16807
556,K556,1,4868
557,L557,4,17928
558,M558,2,5989
559,N559,4,19050
560,O560,2,7111
561,P561,5,20171
562,Q562,2,8232
563,R563,5,21292
564,S564,2,9353
565,T565,5,22413
566,U566,3,10474
567,V567,5,23534
568,W568,3,11596
569,X569,5,24656
570,Y570,3,12717
571,Z571,1,778
572,A572,3,13838
573,B573,1,1899
574,C574,3,14959
575,D575,1,3020
576,E576,4,16080
577,F577,1,4142
578,G578,4,17202
579,H579,2,5263
580,I580,4,18323
581,J581,2,6384
582,K582,4,19444
583,L583,2,7505
584,M584,5,20565
585,N585,2,8626
586,O586,5,21687
587,P587,2,9748
588,Q588,5,22808
589,R589,3,10869
590,S590,5,23929
591,T591,3,11990
592,U592,1,51
593,V593,3,13111
594,W594,1,1172
595,X595,3,14233
596,Y596,1,2294
597,Z597,4,15354
598,A598,1,3415
599,B599,4,16475
600,C600,1,4536
601,D601,4,17596
602,E602,2,5657
603,F603,4,18717
604,G604,2,6779
605,H605,4,19839
606,I606,2,7900
607,J607,5,20960
608,K608,2,9021
609,L609,5,22081
610,M610,3,10142
611,N611,5,23202
612,O612,3,11263
613,P613,5,24324
614,Q614,3,12385
615,R615,1,446
616,S616,3,13506
617,T617,1,1567
618,U618,3,14627
619,V619,1,2688
620,W620,4,15748
621,X621,1,3809
622,Y622,4,16870
623,Z623,1,4931
624,A624,4,17991
625,B625,2,6052
626,C626,4,19112
627,D627,2,7173
628,E628,5,20233
629,F629,2,8294
630,G630,5,21354
631,H631,2,9416
632,I632,5,22476
633,J633,3,10537
634,K634,5,23597
635,L635,3,11658
636,M636,5,24718
637,N637,3,12779
638,O638,1,840
639,P639,3,13900
640,Q640,1,1962
641,R641,4,15022
642,S642,1,3083
643,T643,4,16143
644,U644,1,4204
645,V645,4,17264
646,W646,2,5325
647,X647,4,18385
648,Y648,2,6446
649,Z649,4,19507
650,A650,2,7568
651,B651,5,20628
652,C652,2,8689
653,D653,5,21749
654,E654,2,9810
655,F655,5,22870
656,G656,3,10931
657,H657,5,23991
658,I658,3,12053
659,J659,1,114
660,K660,3,13174
661,L661,1,1235
662,M662,3,14295
663,N663,1,2356
664,O664,4,15416
665,P665,1,3477
666,Q666,4,16537
667,R667,1,4599
668,S668,4,17659
669,T669,2,5720
670,U670,4,18780
671,V671,2,6841
672,W672,4,19901
673,X673,2,7962
674,Y674,5,21022
675,Z675,2,9083
676,A676,5,22144
677,B677,3,10205
678,C678,5,23265
679,D679,3,11326
680,E680,5,24386
681,F681,3,12447
682,G682,1,508
683,H683,3,13568
684,I684,1,1629
685,J685,3,14689
686,K686,1,2751
687,L687,4,15811
688,M688,1,3872
689,N689,4,16932
690,O690,1,4993
691,P691,4,18053
692,Q692,2,6114
693,R693,4,19174
694,S694,2,7235
695,T695,5,20296
696,U696,2,8357
697,V697,5,21417
698,W698,2,9478
699,X699,5,22538
700,Y700,3,10599
701,Z701,5,23659
702,A702,3,11720
703,B703,5,24780
704,C704,3,12842
705,D705,1,903
706,E706,3,13963
707,F707,1,2024
708,G708,4,15084
709,H709,1,3145
710,I710,4,16205
711,J711,1,4266
712,K712,4,17326
713,L713,2,5388
714,M714,4,18448
715,N715,2,6509
716,O716,4,19569
717,P717,2,7630
718,Q718,5,20690
719,R719,2,8751
720,S720,5,21811
721,T721,2,9872
722,U722,5,22933
723,V723,3,10994
724,W724,5,24054
725,X725,3,12115
726,Y726,1,176
727,Z727,3,13236
728,A728,1,1297
729,B729,3,14357
730,C730,1,2418
731,D731,4,15479
732,E732,1,3540
733,F733,4,16600
734,G734,1,4661
735,H735,4,17721
736,I736,2,5782
737,J737,4,18842
738,K738,2,6903
739,L739,4,19963
740,M740,2,8025
741,N741,5,21085
742,O742,2,9146
743,P743,5,22206
744,Q744,3,10267
745,R745,5,23327
746,S746,3,11388
747,T747,5,24448
748,U748,3,12509
749,V749,1,571
750,W750,3,13631
751,X751,1,1692
752,Y752,3,14752
753,Z753,1,2813
754,A754,4,15873
755,B755,1,3934
756,C756,4,16994
757,D757,2,5055
758,E758,4,18116
759,F759,2,6177
760,G760,4,19237
761,H761,2,7298
762,I762,5,20358
763,J763,2,8419
764,K764,5,21479
765,L765,2,9540
766,M766,5,22600
767,N767,3,10662
768,O768,5,23722
769,P769,3,11783
770,Q770,5,24843
771,R771,3,12904
772,S772,1,965
773,T773,3,14025
774,U774,1,2086
775,V775,4,15146
776,W776,1,3208
777,X777,4,16268
778,Y778,1,4329
779,Z779,4,17389
780,A780,2,5450
781,B781,4,18510
782,C782,2,6571
783,D783,4,19631
784,E784,2,7692
785,F785,5,20753
786,G786,2,8814
787,H787,5,21874
788,I788,2,9935
789,J789,5,22995
790,K790,3,11056
791,L791,5,24116
792,M792,3,12177
793,N793,1,238
794,O794,3,13299
795,P795,1,1360
796,Q796,3,14420
797,R797,1,2481
798,S798,4,15541
799,T799,1,3602
800,U800,4,16662
801,V801,1,4723
802,W802,4,17783
803,X803,2,5845
804,Y804,4,18905
805,Z805,2,6966
806,A806,5,20026
807,B807,2,8087
808,C808,5,21147
809,D809,2,9208
810,E810,5,22268
811,F811,3,10329
812,G812,5,23390
813,H813,3,11451
814,I814,5,24511
815,J815,3,12572
816,K816,1,633
817,L817,3,13693
818,M818,1,1754
819,N819,3,14814
820,O820,1,2875
821,P821,4,15936
822,Q822,1,3997
823,R823,4,17057
824,S824,2,5118
825,T825,4,18178
826,U826,2,6239
827,V827,4,19299
828,W828,2,7360
829,X829,5,20420
830,Y830,2,8482
831,Z831,5,21542
832,A832,2,9603
833,B833,5,22663
834,C834,3,10724
835,D835,5,23784
836,E836,3,11845
837,F837,5,24905
838,G838,3,12966
839,H839,1,1028
840,I840,3,14088
841,J841,1,2149
842,K842,4,15209
843,L843,1,3270
844,M844,4,16330
845,N845,1,4391
846,O846,4,17451
847,P847,2,5512
848,Q848,4,18572
849,R849,2,6634
850,S850,4,19694
851,T851,2,7755
852,U852,5,20815
853,V853,2,8876
854,W854,5,21936
855,X855,2,9997
856,Y856,5,23057
857,Z857,3,11118
858,A858,5,24179
859,B859,3,12240
860,C860,1,301
861,D861,3,13361
862,E862,1,1422
863,F863,3,14482
864,G864,1,2543
865,H865,4,15603
866,I866,1,3664
867,J867,4,16725
868,K868,1,4786
869,L869,4,17846
870,M870,2,5907
871,N871,4,18967
872,O872,2,7028
873,P873,5,20088
874,Q874,2,8149
875,R875,5,21209
876,S876,2,9271
877,T877,5,22331
878,U878,3,10392
879,V879,5,23452
880,W880,3,11513
881,X881,5,24573
882,Y882,3,12634
883,Z883,1,695
884,A884,3,13755
885,B885,1,1817
886,C886,3,14877
887,D887,1,2938
888,E888,4,15998
889,F889,1,4059
890,G890,4,17119
891,H891,2,5180
892,I892,4,18240
893,J893,2,6301
894,K894,4,19362
895,L895,2,7423
896,M896,5,20483
897,N897,2,8544
898,O898,5,21604
899,P899,2,9665
900,Q900,5,22725
901,R901,3,10786
902,S902,5,23846
903,T903,3,11908
904,U904,5,24968
905,V905,3,13029
906,W906,1,1090
907,X907,3,14150
908,Y908,1,2211
909,Z909,4,15271
910,A910,1,3332
911,B911,4,16392
912,C912,1,4454
913,D913,4,17514
914,E914,2,5575
915,F915,4,18635
916,G916,2,6696
917,H917,4,19756
918,I918,2,7817
919,J919,5,20877
920,K920,2,8938
921,L921,5,21999
922,M922,3,10060
923,N923,5,23120
924,O924,3,11181
925,P925,5,24241
926,Q926,3,12302
927,R927,1,363
928,S928,3,13423
929,T929,1,1484
930,U930,3,14545
931,V931,1,2606
932,W932,4,15666
933,X933,1,3727
934,Y934,4,16787
935,Z935,1,4848
936,A936,4,17908
937,B937,2,5969
938,C938,4,19029
939,D939,2,7091
940,E940,5,20151
941,F941,2,8212
942,G942,5,21272
943,H943,2,9333
944,I944,5,22393
945,J945,3,10454
946,K946,5,23514
947,L947,3,11575
948,M948,5,24636
949,N949,3,12697
950,O950,1,758
951,P951,3,13818
952,Q952,1,1879
953,R953,3,14939
954,S954,1,3000
955,T955,4,16060
956,U956,1,4121
957,V957,4,17182
958,W958,2,5243
959,X959,4,18303
960,Y960,2,6364
961,Z961,4,19424
962,A962,2,7485
963,B963,5,20545
964,C964,2,8606
965,D965,5,21666
966,E966,2,9728
967,F967,5,22788
968,G968,3,10849
969,H969,5,23909
970,I970,3,11970
971,J971,1,31
972,K972,3,13091
973,L973,1,1152
974,M974,3,14212
975,N975,1,2274
976,O976,4,15334
977,P977,1,3395
978,Q978,4,16455
979,R979,1,4516
980,S980,4,17576
981,T981,2,5637
982,U982,4,18697
983,V983,2,6758
984,W984,4,19819
985,X985,2,7880
986,Y986,5,20940
987,Z987,2,9001
988,A988,5,22061
989,B989,3,10122
990,C990,5,23182
991,D991,3,11243
992,E992,5,24303
993,F993,3,12365
994,G994,1,426
995,H995,3,13486
996,I996,1,1547
997,J997,3,14607
998,K998,1,2668
999,L999,4,15728
1000,M1000,1,3789
1001,N1001,4,16849
1002,O1002,1,4911
1003,P1003,4,17971
1004,Q1004,2,6032
1005,R1005,4,19092
1006,S1006,2,7153
1007,T1007,5,20213
1008,U1008,2,8274
1009,V1009,5,21334
1010,W1010,2,9395
1011,X1011,5,22455
1012,Y1012,3,10517
1013,Z1013,5,23577
1014,A1014,3,11638
1015,B1015,5,24698
1016,C1016,3,12759
1017,D1017,1,820
1018,E1018,3,13880
1019,F1019,1,1941
1020,G1020,4,15001
1021,H1021,1,3063
1022,I1022,4,16123
1023,J1023,1,4184
1024,K1024,4,17244
1025,L1025,2,5305
1026,M1026,4,18365
1027,N1027,2,6426
1028,O1028,4,19486
1029,P1029,2,7547
1030,Q1030,5,20608
1031,R1031,2,8669
1032,S1032,5,21729
1033,T1033,2,9790
1034,U1034,5,22850
1035,V1035,3,10911
1036,W1036,5,23971
1037,X1037,3,12032
1038,Y1038,1,93
1039,Z1039,3,13154
1040,A1040,1,1215
1041,B1041,3,14275
1042,C1042,1,2336
1043,D1043,4,15396
1044,E1044,1,3457
1045,F1045,4,16517
1046,G1046,1,4578
1047,H1047,4,17638
1048,I1048,2,5700
1049,J1049,4,18760
1050,K1050,2,6821
1051,L1051,4,19881
1052,M1052,2,7942
1053,N1053,5,21002
1054,O1054,2,9063
1055,P1055,5,22123
1056,Q1056,3,10184
1057,R1057,5,23245
1058,S1058,3,11306
1059,T1059,5,24366
1060,U1060,3,12427
1061,V1061,1,488
1062,W1062,3,13548
1063,X1063,1,1609
1064,Y1064,3,14669
1065,Z1065,1,2730
1066,A1066,4,15791
1067,B1067,1,3852
1068,C1068,4,16912
1069,D1069,1,4973
1070,E1070,4,18033
1071,F1071,2,6094
1072,G1072,4,19154
1073,H1073,2,7215
1074,I1074,5,20275
1075,J1075,2,8337
1076,K1076,5,21397
1077,L1077,2,9458
1078,M1078,5,22518
1079,N1079,3,10579
1080,O1080,5,23639
1081,P1081,3,11700
1082,Q1082,5,24760
1083,R1083,3,12821
1084,S1084,1,883
1085,T1085,3,13943
1086,U1086,1,2004
1087,V1087,4,15064
1088,W1088,1,3125
1089,X1089,4,16185
1090,Y1090,1,4246
1091,Z1091,4,17306
1092,A1092,2,5367
1093,B1093,4,18428
1094,C1094,2,6489
1095,D1095,4,19549
1096,E1096,2,7610
1097,F1097,5,20670
1098,G1098,2,8731
1099,H1099,5,21791
1100,I1100,2,9852
1101,J1101,5,22912
1102,K1102,3,10974
1103,L1103,5,24034
1104,M1104,3,12095
1105,N1105,1,156
1106,O1106,3,13216
1107,P1107,1,1277
1108,Q1108,3,14337
1109,R1109,1,2398
1110,S1110,4,15458
1111,T1111,1,3520
1112,U1112,4,16580
1113,V1113,1,4641
1114,W1114,4,17701
1115,X1115,2,5762
1116,Y1116,4,18822
1117,Z1117,2,6883
1118,A1118,4,19943
1119,B1119,2,8004
1120,C1120,5,21065
1121,D1121,2,9126
1122,E1122,5,22186
1123,F1123,3,10247
1124,G1124,5,23307
1125,H1125,3,11368
1126,I1126,5,24428
1127,J1127,3,12489
1128,K1128,1,550
1129,L1129,3,13611
1130,M1130,1,1672
1131,N1131,3,14732
1132,O1132,1,2793
1133,P1133,4,15853
1134,Q1134,1,3914
1135,R1135,4,16974
1136,S1136,2,5035
1137,T1137,4,18095
1138,U1138,2,6157
1139,V1139,4,19217
1140,W1140,2,7278
1141,X1141,5,20338
1142,Y1142,2,8399
1143,Z1143,5,21459
1144,A1144,2,9520
1145,B1145,5,22580
1146,C1146,3,10641
1147,D1147,5,23702
1148,E1148,3,11763
1149,F1149,5,24823
1150,G1150,3,12884
1151,H1151,1,945
1152,I1152,3,14005
1153,J1153,1,2066
1154,K1154,4,15126
1155,L1155,1,3187
1156,M1156,4,16248
1157,N1157,1,4309
1158,O1158,4,17369
1159,P1159,2,5430
1160,Q1160,4,18490
1161,R1161,2,6551
1162,S1162,4,19611
1163,T1163,2,7672
1164,U1164,5,20732
1165,V1165,2,8794
1166,W1166,5,21854
1167,X1167,2,9915
1168,Y1168,5,22975
1169,Z1169,3,11036
1170,A1170,5,24096
1171,B1171,3,12157
1172,C1172,1,218
1173,D1173,3,13278
1174,E1174,1,1339
1175,F1175,3,14400
1176,G1176,1,2461
1177,H1177,4,15521
1178,I1178,1,3582
1179,J1179,4,16642
1180,K1180,1,4703
1181,L1181,4,17763
1182,M1182,2,5824
1183,N1183,4,18884
1184,O1184,2,6946
1185,P1185,5,20006
1186,Q1186,2,8067
1187,R1187,5,21127
1188,S1188,2,9188
1189,T1189,5,22248
1190,U1190,3,10309
1191,V1191,5,23369
1192,W1192,3,11430
1193,X1193,5,24491
1194,Y1194,3,12552
1195,Z1195,1,613
1196,A1196,3,13673
1197,B1197,1,1734
1198,C1198,3,14794
1199,D1199,1,2855
1200,E1200,4,15915
1201,F1201,1,3976
1202,G1202,4,17037
1203,H1203,2,5098
1204,I1204,4,18158
1205,J1205,2,6219
1206,K1206,4,19279
1207,L1207,2,7340
1208,M1208,5,20400
1209,N1209,2,8461
1210,O1210,5,21521
1211,P1211,2,9583
1212,Q1212,5,22643
1213,R1213,3,10704
1214,S1214,5,23764
1215,T1215,3,11825
1216,U1216,5,24885
1217,V1217,3,12946
1218,W1218,1,1007
1219,X1219,3,14067
1220,Y1220,1,2129
1221,Z1221,4,15189
1222,A1222,1,3250
1223,B1223,4,16310
1224,C1224,1,4371
1225,D1225,4,17431
1226,E1226,2,5492
1227,F1227,4,18552
1228,G1228,2,6613
1229,H1229,4,19674
1230,I1230,2,7735
1231,J1231,5,20795
1232,K1232,2,8856
1233,L1233,5,21916
1234,M1234,2,9977
1235,N1235,5,23037
1236,O1236,3,11098
1237,P1237,5,24158
1238,Q1238,3,12220
1239,R1239,1,281
1240,S1240,3,13341
1241,T1241,1,1402
1242,U1242,3,14462
1243,V1243,1,2523
1244,W1244,4,15583
1245,X1245,1,3644
1246,Y1246,4,16704
1247,Z1247,1,4766
1248,A1248,4,17826
1249,B1249,2,5887
1250,C1250,4,18947
1251,D1251,2,7008
1252,E1252,5,20068
1253,F1253,2,8129
1254,G1254,5,21189
1255,H1255,2,9250
1256,I1256,5,22311
1257,J1257,3,10372
1258,K1258,5,23432
1259,L1259,3,11493
1260,M1260,5,24553
1261,N1261,3,12614
1262,O1262,1,675
1263,P1263,3,13735
1264,Q1264,1,1796
1265,R1265,3,14857
1266,S1266,1,2918
1267,T1267,4,15978
1268,U1268,1,4039
1269,V1269,4,17099
1270,W1270,2,5160
1271,X1271,4,18220
1272,Y1272,2,6281
1273,Z1273,4,19341
1274,A1274,2,7403
1275,B1275,5,20463
1276,C1276,2,8524
1277,D1277,5,21584
1278,E1278,2,9645
1279,F1279,5,22705
1280,G1280,3,10766
1281,H1281,5,23826
1282,I1282,3,11887
1283,J1283,5,24948
1284,K1284,3,13009
1285,L1285,1,1070
1286,M1286,3,14130
1287,N1287,1,2191
1288,O1288,4,15251
1289,P1289,1,3312
1290,Q1290,4,16372
1291,R1291,1,4433
1292,S1292,4,17494
1293,T1293,2,5555
1294,U1294,4,18615
1295,V1295,2,6676
1296,W1296,4,19736
1297,X1297,2,7797
1298,Y1298,5,20857
1299,Z1299,2,8918
1300,A1300,5,21978
1301,B1301,3,10040
1302,C1302,5,23100
1303,D1303,3,11161
1304,E1304,5,24221
1305,F1305,3,12282
1306,G1306,1,343
1307,H1307,3,13403
1308,I1308,1,1464
1309,J1309,3,14524
1310,K1310,1,2586
1311,L1311,4,15646
1312,M1312,1,3707
1313,N1313,4,16767
1314,O1314,1,4828
1315,P1315,4,17888
1316,Q1316,2,5949
1317,R1317,4,19009
1318,S1318,2,7070
1319,T1319,5,20131
1320,U1320,2,8192
1321,V1321,5,21252
1322,W1322,2,9313
1323,X1323,5,22373
1324,Y1324,3,10434
1325,Z1325,5,23494
1326,A1326,3,11555
1327,B1327,5,24615
1328,C1328,3,12677
1329,D1329,1,738
1330,E1330,3,13798
1331,F1331,1,1859
1332,G1332,3,14919
1333,H1333,1,2980
1334,I1334,4,16040
1335,J1335,1,4101
1336,K1336,4,17161
1337,L1337,2,5222
1338,M1338,4,18283
1339,N1339,2,6344
1340,O1340,4,19404
1341,P1341,2,7465
1342,Q1342,5,20525
1343,R1343,2,8586
1344,S1344,5,21646
1345,T1345,2,9707
1346,U1346,5,22767
1347,V1347,3,10829
1348,W1348,5,23889
1349,X1349,3,11950
1350,Y1350,1,11
1351,Z1351,3,13071
1352,A1352,1,1132
1353,B1353,3,14192
1354,C1354,1,2253
1355,D1355,4,15313
1356,E1356,1,3375
1357,F1357,4,16435
1358,G1358,1,4496
1359,H1359,4,17556
1360,I1360,2,5617
1361,J1361,4,18677
1362,K1362,2,6738
1363,L1363,4,19798
1364,M1364,2,7859
1365,N1365,5,20920
1366,O1366,2,8981
1367,P1367,5,22041
1368,Q1368,3,10102
1369,R1369,5,23162
1370,S1370,3,11223
1371,T1371,5,24283
1372,U1372,3,12344
1373,V1373,1,405
1374,W1374,3,13466
1375,X1375,1,1527
1376,Y1376,3,14587
1377,Z1377,1,2648
1378,A1378,4,15708
1379,B1379,1,3769
1380,C1380,4,16829
1381,D1381,1,4890
1382,E1382,4,17950
1383,F1383,2,6012
1384,G1384,4,19072
1385,H1385,2,7133
1386,I1386,5,20193
1387,J1387,2,8254
1388,K1388,5,21314
1389,L1389,2,9375
1390,M1390,5,22435
1391,N1391,3,10496
1392,O1392,5,23557
1393,P1393,3,11618
1394,Q1394,5,24678
1395,R1395,3,12739
1396,S1396,1,800
1397,T1397,3,13860
1398,U1398,1,1921
1399,V1399,3,14981
1400,W1400,1,3042
1401,X1401,4,16103
1402,Y1402,1,4164
1403,Z1403,4,17224
1404,A1404,2,5285
1405,B1405,4,18345
1406,C1406,2,6406
1407,D1407,4,19466
1408,E1408,2,7527
1409,F1409,5,20587
1410,G1410,2,8649
1411,H1411,5,21709
1412,I1412,2,9770
1413,J1413,5,22830
1414,K1414,3,10891
1415,L1415,5,23951
1416,M1416,3,12012
1417,N1417,1,73
1418,O1418,3,13133
1419,P1419,1,1195
1420,Q1420,3,14255
1421,R1421,1,2316
1422,S1422,4,15376
1423,T1423,1,3437
1424,U1424,4,16497
1425,V1425,1,4558
1426,W1426,4,17618
1427,X1427,2,5679
1428,Y1428,4,18740
1429,Z1429,2,6801
1430,A1430,4,19861
1431,B1431,2,7922
1432,C1432,5,20982
1433,D1433,2,9043
1434,E1434,5,22103
1435,F1435,3,10164
1436,G1436,5,23224
1437,H1437,3,11286
1438,I1438,5,24346
1439,J1439,3,12407
1440,K1440,1,468
1441,L1441,3,13528
1442,M1442,1,1589
1443,N1443,3,14649
1444,O1444,1,2710
1445,P1445,4,15770
1446,Q1446,1,3832
1447,R1447,4,16892
1448,S1448,1,4953
1449,T1449,4,18013
1450,U1450,2,6074
1451,V1451,4,19134
1452,W1452,2,7195
1453,X1453,5,20255
1454,Y1454,2,8316
1455,Z1455,5,21377
1456,A1456,2,9438
1457,B1457,5,22498
1458,C1458,3,10559
1459,D1459,5,23619
1460,E1460,3,11680
1461,F1461,5,24740
1462,G1462,3,12801
1463,H1463,1,862
1464,I1464,3,13923
1465,J1465,1,1984
1466,K1466,4,15044
1467,L1467,1,3105
1468,M1468,4,16165
1469,N1469,1,4226
1470,O1470,4,17286
1471,P1471,2,5347
1472,Q1472,4,18407
1473,R1473,2,6469
1474,S1474,4,19529
1475,T1475,2,7590
1476,U1476,5,20650
1477,V1477,2,8711
1478,W1478,5,21771
1479,X1479,2,9832
1480,Y1480,5,22892
1481,Z1481,3,10953
1482,A1482,5,24014
1483,B1483,3,12075
1484,C1484,1,136
1485,D1485,3,13196
1486,E1486,1,1257
1487,F1487,3,14317
1488,G1488,1,2378
1489,H1489,4,15438
1490,I1490,1,3499
1491,J1491,4,16560
1492,K1492,1,4621
1493,L1493,4,17681
1494,M1494,2,5742
1495,N1495,4,18802
1496,O1496,2,6863
1497,P1497,4,19923
1498,Q1498,2,7984
1499,R1499,5,21044
1500,S1500,2,9105
1501,T1501,5,22166
1502,U1502,3,10227
1503,V1503,5,23287
1504,W1504,3,11348
1505,X1505,5,24408
1506,Y1506,3,12469
1507,Z1507,1,530
1508,A1508,3,13590
1509,B1509,1,1651
1510,C1510,3,14712
1511,D1511,1,2773
1512,E1512,4,15833
1513,F1513,1,3894
1514,G1514,4,16954
1515,H1515,2,5015
1516,I1516,4,18075
1517,J1517,2,6136
1518,K1518,4,19196
1519,L1519,2,7258
1520,M1520,5,20318
1521,N1521,2,8379
1522,O1522,5,21439
1523,P1523,2,9500
1524,Q1524,5,22560
1525,R1525,3,10621
1526,S1526,5,23681
1527,T1527,3,11742
1528,U1528,5,24803
1529,V1529,3,12864
1530,W1530,1,925
1531,X1531,3,13985
1532,Y1532,1,2046
1533,Z1533,4,15106
1534,A1534,1,3167
1535,B1535,4,16227
1536,C1536,1,4288
1537,D1537,4,17349
1538,E1538,2,5410
1539,F1539,4,18470
1540,G1540,2,6531
1541,H1541,4,19591
1542,I1542,2,7652
1543,J1543,5,20712
1544,K1544,2,8773
1545,L1545,5,21833
1546,M1546,2,9895
1547,N1547,5,22955
1548,O1548,3,11016
1549,P1549,5,24076
1550,Q1550,3,12137
1551,R1551,1,198
1552,S1552,3,13258
1553,T1553,1,1319
1554,U1554,3,14379
1555,V1555,1,2441
1556,W1556,4,15501
1557,X1557,1,3562
1558,Y1558,4,16622
1559,Z1559,1,4683
1560,A1560,4,17743
1561,B1561,2,5804
1562,C1562,4,18864
1563,D1563,2,6925
1564,E1564,4,19986
1565,F1565,2,8047
1566,G1566,5,21107
1567,H1567,2,9168
1568,I1568,5,22228
1569,J1569,3,10289
1570,K1570,5,23349
1571,L1571,3,11410
1572,M1572,5,24470
1573,N1573,3,12532
1574,O1574,1,593
1575,P1575,3,13653
1576,Q1576,1,1714
1577,R1577,3,14774
1578,S1578,1,2835
1579,T1579,4,15895
1580,U1580,1,3956
1581,V1581,4,17016
1582,W1582,2,5078
1583,X1583,4,18138
1584,Y1584,2,6199
1585,Z1585,4,19259
1586,A1586,2,7320
1587,B1587,5,20380
1588,C1588,2,8441
1589,D1589,5,21501
1590,E1590,2,9562
1591,F1591,5,22623
1592,G1592,3,10684
1593,H1593,5,23744
1594,I1594,3,11805
1595,J1595,5,24865
1596,K1596,3,12926
1597,L1597,1,987
1598,M1598,3,14047
1599,N1599,1,2108
1600,O1600,4,15169
1601,P1601,1,3230
1602,Q1602,4,16290
1603,R1603,1,4351
1604,S1604,4,17411
1605,T1605,2,5472
1606,U1606,4,18532
1607,V1607,2,6593
1608,W1608,4,19653
1609,X1609,2,7715
1610,Y1610,5,20775
1611,Z1611,2,8836
1612,A1612,5,21896
1613,B1613,2,9957
1614,C1614,5,23017
1615,D1615,3,11078
1616,E1616,5,24138
1617,F1617,3,12199
1618,G1618,1,261
1619,H1619,3,13321
1620,I1620,1,1382
1621,J1621,3,14442
1622,K1622,1,2503
1623,L1623,4,15563
1624,M1624,1,3624
1625,N1625,4,16684
1626,O1626,1,4745
1627,P1627,4,17806
1628,Q1628,2,5867
1629,R1629,4,18927
1630,S1630,2,6988
1631,T1631,5,20048
1632,U1632,2,8109
1633,V1633,5,21169
1634,W1634,2,9230
1635,X1635,5,22290
1636,Y1636,3,10352
1637,Z1637,5,23412
1638,A1638,3,11473
1639,B1639,5,24533
1640,C1640,3,12594
1641,D1641,1,655
1642,E1642,3,13715
1643,F1643,1,1776
1644,G1644,3,14836
1645,H1645,1,2898
1646,I1646,4,15958
1647,J1647,1,4019
1648,K1648,4,17079
1649,L1649,2,5140
1650,M1650,4,18200
1651,N1651,2,6261
1652,O1652,4,19321
1653,P1653,2,7382
1654,Q1654,5,20443
1655,R1655,2,8504
1656,S1656,5,21564
1657,T1657,2,9625
1658,U1658,5,22685
1659,V1659,3,10746
1660,W1660,5,23806
1661,X1661,3,11867
1662,Y1662,5,24927
1663,Z1663,3,12988
1664,A1664,1,1050
1665,B1665,3,14110
1666,C1666,1,2171
1667,D1667,4,15231
1668,E1668,1,3292
1669,F1669,4,16352
1670,G1670,1,4413
1671,H1671,4,17473
1672,I1672,2,5534
1673,J1673,4,18595
1674,K1674,2,6656
1675,L1675,4,19716
1676,M1676,2,7777
1677,N1677,5,20837
1678,O1678,2,8898
1679,P1679,5,21958
1680,Q1680,3,10019
1681,R1681,5,23079
1682,S1682,3,11141
1683,T1683,5,24201
1684,U1684,3,12262
1685,V1685,1,323
1686,W1686,3,13383
1687,X1687,1,1444
1688,Y1688,3,14504
1689,Z1689,1,2565
1690,A1690,4,15625
1691,B1691,1,3687
1692,C1692,4,16747
1693,D1693,1,4808
1694,E1694,4,17868
1695,F1695,2,5929
1696,G1696,4,18989
1697,H1697,2,7050
1698,I1698,5,20110
1699,J1699,2,8171
1700,K1700,5,21232
1701,L1701,2,9293
1702,M1702,5,22353
1703,N1703,3,10414
1704,O1704,5,23474
1705,P1705,3,11535
1706,Q1706,5,24595
1707,R1707,3,12656
1708,S1708,1,717
1709,T1709,3,13778
1710,U1710,1,1839
1711,V1711,3,14899
1712,W1712,1,2960
1713,X1713,4,16020
1714,Y1714,1,4081
1715,Z1715,4,17141
1716,A1716,2,5202
1717,B1717,4,18262
1718,C1718,2,6324
1719,D1719,4,19384
1720,E1720,2,7445
1721,F1721,5,20505
1722,G1722,2,8566
1723,H1723,5,21626
1724,I1724,2,9687
1725,J1725,5,22747
1726,K1726,3,10808
1727,L1727,5,23869
1728,M1728,3,11930
1729,N1729,5,24990
1730,O1730,3,13051
1731,P1731,1,1112
1732,Q1732,3,14172
1733,R1733,1,2233
1734,S1734,4,15293
1735,T1735,1,3354
1736,U1736,4,16415
1737,V1737,1,4476
1738,W1738,4,17536
1739,X1739,2,5597
1740,Y1740,4,18657
1741,Z1741,2,6718
1742,A1742,4,19778
1743,B1743,2,7839
1744,C1744,5,20899
1745,D1745,2,8961
1746,E1746,5,22021
1747,F1747,3,10082
1748,G1748,5,23142
1749,H1749,3,11203
1750,I1750,5,24263
1751,J1751,3,12324
1752,K1752,1,385
1753,L1753,3,13445
1754,M1754,1,1507
1755,N1755,3,14567
1756,O1756,1,2628
1757,P1757,4,15688
1758,Q1758,1,3749
1759,R1759,4,16809
1760,S1760,1,4870
1761,T1761,4,17930
1762,U1762,2,5991
1763,V1763,4,19052
1764,W1764,2,7113
1765,X1765,5,20173
1766,Y1766,2,8234
1767,Z1767,5,21294
1768,A1768,2,9355
1769,B1769,5,22415
1770,C1770,3,10476
1771,D1771,5,23536
1772,E1772,3,11598
1773,F1773,5,24658
1774,G1774,3,12719
1775,H1775,1,780
1776,I1776,3,13840
1777,J1777,1,1901
1778,K1778,3,14961
1779,L1779,1,3022
1780,M1780,4,16082
1781,N1781,1,4144
1782,O1782,4,17204
1783,P1783,2,5265
1784,Q1784,4,18325
1785,R1785,2,6386
1786,S1786,4,19446
1787,T1787,2,7507
1788,U1788,5,20567
1789,V1789,2,8628
1790,W1790,5,21689
1791,X1791,2,9750
1792,Y1792,5,22810
1793,Z1793,3,10871
1794,A1794,5,23931
1795,B1795,3,11992
1796,C1796,1,53
1797,D1797,3,13113
1798,E1798,1,1174
1799,F1799,3,14235
1800,G1800,1,2296
1801,H1801,4,15356
1802,I1802,1,3417
1803,J1803,4,16477
1804,K1804,1,4538
1805,L1805,4,17598
1806,M1806,2,5659
1807,N1807,4,18719
1808,O1808,2,6781
1809,P1809,4,19841
1810,Q1810,2,7902
1811,R1811,5,20962
1812,S1812,2,9023
1813,T1813,5,22083
1814,U1814,3,10144
1815,V1815,5,23204
1816,W1816,3,11265
1817,X1817,5,24326
1818,Y1818,3,12387
1819,Z1819,1,448
1820,A1820,3,13508
1821,B1821,1,1569
1822,C1822,3,14629
1823,D1823,1,2690
1824,E1824,4,15750
1825,F1825,1,3811
1826,G1826,4,16871
1827,H1827,1,4933
1828,I1828,4,17993
1829,J1829,2,6054
1830,K1830,4,19114
1831,L1831,2,7175
1832,M1832,5,20235
1833,N1833,2,8296
1834,O1834,5,21356
1835,P1835,2,9417
1836,Q1836,5,22478
1837,R1837,3,10539
1838,S1838,5,23599
1839,T1839,3,11660
1840,U1840,5,24720
1841,V1841,3,12781
1842,W1842,1,842
1843,X1843,3,13902
1844,Y1844,1,1963
1845,Z1845,4,15024
1846,A1846,1,3085
1847,B1847,4,16145
1848,C1848,1,4206
1849,D1849,4,17266
1850,E1850,2,5327
1851,F1851,4,18387
1852,G1852,2,6448
1853,H1853,4,19508
1854,I1854,2,7570
1855,J1855,5,20630
1856,K1856,2,8691
1857,L1857,5,21751
1858,M1858,2,9812
1859,N1859,5,22872
1860,O1860,3,10933
1861,P1861,5,23993
1862,Q1862,3,12054
1863,R1863,1,116
1864,S1864,3,13176
1865,T1865,1,1237
1866,U1866,3,14297
1867,V1867,1,2358
1868,W1868,4,15418
1869,X1869,1,3479
1870,Y1870,4,16539
1871,Z1871,1,4600
1872,A1872,4,17661
1873,B1873,2,5722
1874,C1874,4,18782
1875,D1875,2,6843
1876,E1876,4,19903
1877,F1877,2,7964
1878,G1878,5,21024
1879,H1879,2,9085
1880,I1880,5,22145
1881,J1881,3,10207
1882,K1882,5,23267
1883,L1883,3,11328
1884,M1884,5,24388
1885,N1885,3,12449
1886,O1886,1,510
1887,P1887,3,13570
1888,Q1888,1,1631
1889,R1889,3,14691
1890,S1890,1,2753
1891,T1891,4,15813
1892,U1892,1,3874
1893,V1893,4,16934
1894,W1894,1,4995
1895,X1895,4,18055
1896,Y1896,2,6116
1897,Z1897,4,19176
1898,A1898,2,7237
1899,B1899,5,20298
1900,C1900,2,8359
1901,D1901,5,21419
1902,E1902,2,9480
1903,F1903,5,22540
1904,G1904,3,10601
1905,H1905,5,23661
1906,I1906,3,11722
1907,J1907,5,24782
1908,K1908,3,12844
1909,L1909,1,905
1910,M1910,3,13965
1911,N1911,1,2026
1912,O1912,4,15086
1913,P1913,1,3147
1914,Q1914,4,16207
1915,R1915,1,4268
1916,S1916,4,17328
1917,T1917,2,5390
1918,U1918,4,18450
1919,V1919,2,6511
1920,W1920,4,19571
1921,X1921,2,7632
1922,Y1922,5,20692
1923,Z1923,2,8753
1924,A1924,5,21813
1925,B1925,2,9874
1926,C1926,5,22935
1927,D1927,3,10996
1928,E1928,5,24056
1929,F1929,3,12117
1930,G1930,1,178
1931,H1931,3,13238
1932,I1932,1,1299
1933,J1933,3,14359
1934,K1934,1,2420
1935,L1935,4,15481
1936,M1936,1,3542
1937,N1937,4,16602
1938,O1938,1,4663
1939,P1939,4,17723
1940,Q1940,2,5784
1941,R1941,4,18844
1942,S1942,2,6905
1943,T1943,4,19965
1944,U1944,2,8027
1945,V1945,5,21087
1946,W1946,2,9148
1947,X1947,5,22208
1948,Y1948,3,10269
1949,Z1949,5,23329
1950,A1950,3,11390
1951,B1951,5,24450
1952,C1952,3,12511
1953,D1953,1,573
1954,E1954,3,13633
1955,F1955,1,1694
1956,G1956,3,14754
1957,H1957,1,2815
1958,I1958,4,15875
1959,J1959,1,3936
1960,K1960,4,16996
1961,L1961,2,5057
1962,M1962,4,18118
1963,N1963,2,6179
1964,O1964,4,19239
1965,P1965,2,7300
1966,Q1966,5,20360
1967,R1967,2,8421
1968,S1968,5,21481
1969,T1969,2,9542
1970,U1970,5,22602
1971,V1971,3,10664
1972,W1972,5,23724
1973,X1973,3,11785
1974,Y1974,5,24845
1975,Z1975,3,12906
1976,A1976,1,967
1977,B1977,3,14027
1978,C1978,1,2088
1979,D1979,4,15148
1980,E1980,1,3210
1981,F1981,4,16270
1982,G1982,1,4331
1983,H1983,4,17391
1984,I1984,2,5452
1985,J1985,4,18512
1986,K1986,2,6573
1987,L1987,4,19633
1988,M1988,2,7694
1989,N1989,5,20754
1990,O1990,2,8816
1991,P1991,5,21876
1992,Q1992,2,9937
1993,R1993,5,22997
1994,S1994,3,11058
1995,T1995,5,24118
1996,U1996,3,12179
1997,V1997,1,240
1998,W1998,3,13300
1999,X1999,1,1362
2000,Y2000,3,14422
2001,Z2001,1,2483
2002,A2002,4,15543
2003,B2003,1,3604
2004,C2004,4,16664
2005,D2005,1,4725
2006,E2006,4,17785
2007,F2007,2,5846
2008,G2008,4,18907
2009,H2009,2,6968
2010,I2010,5,20028
2011,J2011,2,8089
2012,K2012,5,21149
2013,L2013,2,9210
2014,M2014,5,22270
2015,N2015,3,10331
2016,O2016,5,23391
2017,P2017,3,11453
2018,Q2018,5,24513
2019,R2019,3,12574
2020,S2020,1,635
2021,T2021,3,13695
2022,U2022,1,1756
2023,V2023,3,14816
2024,W2024,1,2877
2025,X2025,4,15937
2026,Y2026,1,3999
2027,Z2027,4,17059
2028,A2028,2,5120
2029,B2029,4,18180
2030,C2030,2,6241
2031,D2031,4,19301
2032,E2032,2,7362
2033,F2033,5,20422
2034,G2034,2,8483
2035,H2035,5,21544
2036,I2036,2,9605
2037,J2037,5,22665
2038,K2038,3,10726
2039,L2039,5,23786
2040,M2040,3,11847
2041,N2041,5,24907
2042,O2042,3,12968
2043,P2043,1,1029
2044,Q2044,3,14090
2045,R2045,1,2151
2046,S2046,4,15211
2047,T2047,1,3272
2048,U2048,4,16332
2049,V2049,1,4393
2050,W2050,4,17453
2051,X2051,2,5514
2052,Y2052,4,18574
2053,Z2053,2,6636
2054,A2054,4,19696
2055,B2055,2,7757
2056,C2056,5,20817
2057,D2057,2,8878
2058,E2058,5,21938
2059,F2059,2,9999
2060,G2060,5,23059
2061,H2061,3,11120
2062,I2062,5,24181
2063,J2063,3,12242
2064,K2064,1,303
2065,L2065,3,13363
2066,M2066,1,1424
2067,N2067,3,14484
2068,O2068,1,2545
2069,P2069,4,15605
2070,Q2070,1,3666
2071,R2071,4,16727
2072,S2072,1,4788
2073,T2073,4,17848
2074,U2074,2,5909
2075,V2075,4,18969
2076,W2076,2,7030
2077,X2077,5,20090
2078,Y2078,2,8151
2079,Z2079,5,21211
2080,A2080,2,9273
2081,B2081,5,22333
2082,C2082,3,10394
2083,D2083,5,23454
2084,E2084,3,11515
2085,F2085,5,24575
2086,G2086,3,12636
2087,H2087,1,697
2088,I2088,3,13757
2089,J2089,1,1819
2090,K2090,3,14879
2091,L2091,1,2940
2092,M2092,4,16000
2093,N2093,1,4061
2094,O2094,4,17121
2095,P2095,2,5182
2096,Q2096,4,18242
2097,R2097,2,6303
2098,S2098,4,19364
2099,T2099,2,7425
2100,U2100,5,20485
2101,V2101,2,8546
2102,W2102,5,21606
2103,X2103,2,9667
2104,Y2104,5,22727
2105,Z2105,3,10788
2106,A2106,5,23848
2107,B2107,3,11910
2108,C2108,5,24970
2109,D2109,3,13031
2110,E2110,1,1092
2111,F2111,3,14152
2112,G2112,1,2213
2113,H2113,4,15273
2114,I2114,1,3334
2115,J2115,4,16394
2116,K2116,1,4456
2117,L2117,4,17516
2118,M2118,2,5577
2119,N2119,4,18637
2120,O2120,2,6698
2121,P2121,4,19758
2122,Q2122,2,7819
2123,R2123,5,20879
2124,S2124,2,8940
2125,T2125,5,22001
2126,U2126,3,10062
2127,V2127,5,23122
2128,W2128,3,11183
2129,X2129,5,24243
2130,Y2130,3,12304
2131,Z2131,1,365
2132,A2132,3,13425
2133,B2133,1,1486
2134,C2134,3,14547
2135,D2135,1,2608
2136,E2136,4,15668
2137,F2137,1,3729
2138,G2138,4,16789
2139,H2139,1,4850
2140,I2140,4,17910
2141,J2141,2,5971
2142,K2142,4,19031
2143,L2143,2,7093
2144,M2144,5,20153
2145,N2145,2,8214
2146,O2146,5,21274
2147,P2147,2,9335
2148,Q2148,5,22395
2149,R2149,3,10456
2150,S2150,5,23516
2151,T2151,3,11577
2152,U2152,5,24637
2153,V2153,3,12699
2154,W2154,1,760
2155,X2155,3,13820
2156,Y2156,1,1881
2157,Z2157,3,14941
2158,A2158,1,3002
2159,B2159,4,16062
2160,C2160,1,4123
2161,D2161,4,17183
2162,E2162,2,5245
2163,F2163,4,18305
2164,G2164,2,6366
2165,H2165,4,19426
2166,I2166,2,7487
2167,J2167,5,20547
2168,K2168,2,8608
2169,L2169,5,21668
2170,M2170,2,9729
2171,N2171,5,22790
2172,O2172,3,10851
2173,P2173,5,23911
2174,Q2174,3,11972
2175,R2175,1,33
2176,S2176,3,13093
2177,T2177,1,1154
2178,U2178,3,14214
2179,V2179,1,2275
2180,W2180,4,15336
2181,X2181,1,3397
2182,Y2182,4,16457
2183,Z2183,1,4518
2184,A2184,4,17578
2185,B2185,2,5639
2186,C2186,4,18699
2187,D2187,2,6760
2188,E2188,4,19820
2189,F2189,2,7882
2190,G2190,5,20942
2191,H2191,2,9003
2192,I2192,5,22063
2193,J2193,3,10124
2194,K2194,5,23184
2195,L2195,3,11245
2196,M2196,5,24305
2197,N2197,3,12366
2198,O2198,1,428
2199,P2199,3,13488
2200,Q2200,1,1549
2201,R2201,3,14609
2202,S2202,1,2670
2203,T2203,4,15730
2204,U2204,1,3791
2205,V2205,4,16851
2206,W2206,1,4912
2207,X2207,4,17973
2208,Y2208,2,6034
2209,Z2209,4,19094
2210,A2210,2,7155
2211,B2211,5,20215
2212,C2212,2,8276
2213,D2213,5,21336
2214,E2214,2,9397
2215,F2215,5,22457
2216,G2216,3,10519
2217,H2217,5,23579
2218,I2218,3,11640
2219,J2219,5,24700
2220,K2220,3,12761
2221,L2221,1,822
2222,M2222,3,13882
2223,N2223,1,1943
2224,O2224,4,15003
2225,P2225,1,3065
2226,Q2226,4,16125
2227,R2227,1,4186
2228,S2228,4,17246
2229,T2229,2,5307
2230,U2230,4,18367
2231,V2231,2,6428
2232,W2232,4,19488
2233,X2233,2,7549
2234,Y2234,5,20610
2235,Z2235,2,8671
2236,A2236,5,21731
2237,B2237,2,9792
2238,C2238,5,22852
2239,D2239,3,10913
2240,E2240,5,23973
2241,F2241,3,12034
2242,G2242,1,95
2243,H2243,3,13156
2244,I2244,1,1217
2245,J2245,3,14277
2246,K2246,1,2338
2247,L2247,4,15398
2248,M2248,1,3459
2249,N2249,4,16519
2250,O2250,1,4580
2251,P2251,4,17640
2252,Q2252,2,5702
2253,R2253,4,18762
2254,S2254,2,6823
2255,T2255,4,19883
2256,U2256,2,7944
2257,V2257,5,21004
2258,W2258,2,9065
2259,X2259,5,22125
2260,Y2260,3,10186
2261,Z2261,5,23247
2262,A2262,3,11308
2263,B2263,5,24368
2264,C2264,3,12429
2265,D2265,1,490
2266,E2266,3,13550
2267,F2267,1,1611
2268,G2268,3,14671
2269,H2269,1,2732
2270,I2270,4,15793
2271,J2271,1,3854
2272,K2272,4,16914
2273,L2273,1,4975
2274,M2274,4,18035
2275,N2275,2,6096
2276,O2276,4,19156
2277,P2277,2,7217
2278,Q2278,5,20277
2279,R2279,2,8339
2280,S2280,5,21399
2281,T2281,2,9460
2282,U2282,5,22520
2283,V2283,3,10581
2284,W2284,5,23641
2285,X2285,3,11702
2286,Y2286,5,24762
2287,Z2287,3,12823
2288,A2288,1,885
2289,B2289,3,13945
2290,C2290,1,2006
2291,D2291,4,15066
2292,E2292,1,3127
2293,F2293,4,16187
2294,G2294,1,4248
2295,H2295,4,17308
2296,I2296,2,5369
2297,J2297,4,18430
2298,K2298,2,6491
2299,L2299,4,19551
2300,M2300,2,7612
2301,N2301,5,20672
2302,O2302,2,8733
2303,P2303,5,21793
2304,Q2304,2,9854
2305,R2305,5,22914
2306,S2306,3,10976
2307,T2307,5,24036
2308,U2308,3,12097
2309,V2309,1,158
2310,W2310,3,13218
2311,X2311,1,1279
2312,Y2312,3,14339
2313,Z2313,1,2400
2314,A2314,4,15460
2315,B2315,1,3521
2316,C2316,4,16582
2317,D2317,1,4643
2318,E2318,4,17703
2319,F2319,2,5764
2320,G2320,4,18824
2321,H2321,2,6885
2322,I2322,4,19945
2323,J2323,2,8006
2324,K2324,5,21066
2325,L2325,2,9128
2326,M2326,5,22188
2327,N2327,3,10249
2328,O2328,5,23309
2329,P2329,3,11370
2330,Q2330,5,24430
2331,R2331,3,12491
2332,S2332,1,552
2333,T2333,3,13612
2334,U2334,1,1674
2335,V2335,3,14734
2336,W2336,1,2795
2337,X2337,4,15855
2338,Y2338,1,3916
2339,Z2339,4,16976
2340,A2340,2,5037
2341,B2341,4,18097
2342,C2342,2,6158
2343,D2343,4,19219
2344,E2344,2,7280
2345,F2345,5,20340
2346,G2346,2,8401
2347,H2347,5,21461
2348,I2348,2,9522
2349,J2349,5,22582
2350,K2350,3,10643
2351,L2351,5,23703
2352,M2352,3,11765
2353,N2353,5,24825
2354,O2354,3,12886
2355,P2355,1,947
2356,Q2356,3,14007
2357,R2357,1,2068
2358,S2358,4,15128
2359,T2359,1,3189
2360,U2360,4,16249
2361,V2361,1,4311
2362,W2362,4,17371
2363,X2363,2,5432
2364,Y2364,4,18492
2365,Z2365,2,6553
2366,A2366,4,19613
2367,B2367,2,7674
2368,C2368,5,20734
2369,D2369,2,8795
2370,E2370,5,21856
2371,F2371,2,9917
2372,G2372,5,22977
2373,H2373,3,11038
2374,I2374,5,24098
2375,J2375,3,12159
2376,K2376,1,220
2377,L2377,3,13280
2378,M2378,1,1341
2379,N2379,3,14402
2380,O2380,1,2463
2381,P2381,4,15523
2382,Q2382,1,3584
2383,R2383,4,16644
2384,S2384,1,4705
2385,T2385,4,17765
2386,U2386,2,5826
2387,V2387,4,18886
2388,W2388,2,6948
2389,X2389,5,20008
2390,Y2390,2,8069
2391,Z2391,5,21129
2392,A2392,2,9190
2393,B2393,5,22250
2394,C2394,3,10311
2395,D2395,5,23371
2396,E2396,3,11432
2397,F2397,5,24493
2398,G2398,3,12554
2399,H2399,1,615
2400,I2400,3,13675
2401,J2401,1,1736
2402,K2402,3,14796
2403,L2403,1,2857
2404,M2404,4,15917
2405,N2405,1,3978
2406,O2406,4,17039
2407,P2407,2,5100
2408,Q2408,4,18160
2409,R2409,2,6221
2410,S2410,4,19281
2411,T2411,2,7342
2412,U2412,5,20402
2413,V2413,2,8463
2414,W2414,5,21523
2415,X2415,2,9585
2416,Y2416,5,22645
2417,Z2417,3,10706
2418,A2418,5,23766
2419,B2419,3,11827
2420,C2420,5,24887
2421,D2421,3,12948
2422,E2422,1,1009
2423,F2423,3,14069
2424,G2424,1,2131
2425,H2425,4,15191
2426,I2426,1,3252
2427,J2427,4,16312
2428,K2428,1,4373
2429,L2429,4,17433
2430,M2430,2,5494
2431,N2431,4,18554
2432,O2432,2,6615
2433,P2433,4,19676
2434,Q2434,2,7737
2435,R2435,5,20797
2436,S2436,2,8858
2437,T2437,5,21918
2438,U2438,2,9979
2439,V2439,5,23039
2440,W2440,3,11100
2441,X2441,5,24160
2442,Y2442,3,12222
2443,Z2443,1,283
2444,A2444,3,13343
2445,B2445,1,1404
2446,C2446,3,14464
2447,D2447,1,2525
2448,E2448,4,15585
2449,F2449,1,3646
2450,G2450,4,16706
2451,H2451,1,4768
2452,I2452,4,17828
2453,J2453,2,5889
2454,K2454,4,18949
2455,L2455,2,7010
2456,M2456,5,20070
2457,N2457,2,8131
2458,O2458,5,21191
2459,P2459,2,9252
2460,Q2460,5,22313
2461,R2461,3,10374
2462,S2462,5,23434
2463,T2463,3,11495
2464,U2464,5,24555
2465,V2465,3,12616
2466,W2466,1,677
2467,X2467,3,13737
2468,Y2468,1,1798
2469,Z2469,3,14859
2470,A2470,1,2920
2471,B2471,4,15980
2472,C2472,1,4041
2473,D2473,4,17101
2474,E2474,2,5162
2475,F2475,4,18222
2476,G2476,2,6283
2477,H2477,4,19343
2478,I2478,2,7404
2479,J2479,5,20465
2480,K2480,2,8526
2481,L2481,5,21586
2482,M2482,2,9647
2483,N2483,5,22707
2484,O2484,3,10768
2485,P2485,5,23828
2486,Q2486,3,11889
2487,R2487,5,24949
2488,S2488,3,13011
2489,T2489,1,1072
2490,U2490,3,14132
2491,V2491,1,2193
2492,W2492,4,15253
2493,X2493,1,3314
2494,Y2494,4,16374
2495,Z2495,1,4435
2496,A2496,4,17495
2497,B2497,2,5557
2498,C2498,4,18617
2499,D2499,2,6678
2500,E2500,4,19738
2501,F2501,2,7799
2502,G2502,5,20859
2503,H2503,2,8920
2504,I2504,5,21980
2505,J2505,3,10041
2506,K2506,5,23102
2507,L2507,3,11163
2508,M2508,5,24223
2509,N2509,3,12284
2510,O2510,1,345
2511,P2511,3,13405
2512,Q2512,1,1466
2513,R2513,3,14526
2514,S2514,1,2587
2515,T2515,4,15648
2516,U2516,1,3709
2517,V2517,4,16769
2518,W2518,1,4830
2519,X2519,4,17890
2520,Y2520,2,5951
2521,Z2521,4,19011
2522,A2522,2,7072
2523,B2523,5,20132
2524,C2524,2,8194
2525,D2525,5,21254
2526,E2526,2,9315
2527,F2527,5,22375
2528,G2528,3,10436
2529,H2529,5,23496
2530,I2530,3,11557
2531,J2531,5,24617
2532,K2532,3,12678
2533,L2533,1,740
2534,M2534,3,13800
2535,N2535,1,1861
2536,O2536,3,14921
2537,P2537,1,2982
2538,Q2538,4,16042
2539,R2539,1,4103
2540,S2540,4,17163
2541,T2541,2,5224
2542,U2542,4,18285
2543,V2543,2,6346
2544,W2544,4,19406
2545,X2545,2,7467
2546,Y2546,5,20527
2547,Z2547,2,8588
2548,A2548,5,21648
2549,B2549,2,9709
2550,C2550,5,22769
2551,D2551,3,10831
2552,E2552,5,23891
2553,F2553,3,11952
2554,G2554,1,13
2555,H2555,3,13073
2556,I2556,1,1134
2557,J2557,3,14194
2558,K2558,1,2255
2559,L2559,4,15315
2560,M2560,1,3377
2561,N2561,4,16437
2562,O2562,1,4498
2563,P2563,4,17558
2564,Q2564,2,5619
2565,R2565,4,18679
2566,S2566,2,6740
2567,T2567,4,19800
2568,U2568,2,7861
2569,V2569,5,20922
2570,W2570,2,8983
2571,X2571,5,22043
2572,Y2572,3,10104
2573,Z2573,5,23164
2574,A2574,3,11225
2575,B2575,5,24285
2576,C2576,3,12346
2577,D2577,1,407
2578,E2578,3,13468
2579,F2579,1,1529
2580,G2580,3,14589
2581,H2581,1,2650
2582,I2582,4,15710
2583,J2583,1,3771
2584,K2584,4,16831
2585,L2585,1,4892
2586,M2586,4,17952
2587,N2587,2,6014
2588,O2588,4,19074
2589,P2589,2,7135
2590,Q2590,5,20195
2591,R2591,2,8256
2592,S2592,5,21316
2593,T2593,2,9377
2594,U2594,5,22437
2595,V2595,3,10498
2596,W2596,5,23559
2597,X2597,3,11620
2598,Y2598,5,24680
2599,Z2599,3,12741
2600,A2600,1,802
2601,B2601,3,13862
2602,C2602,1,1923
2603,D2603,3,14983
2604,E2604,1,3044
2605,F2605,4,16105
2606,G2606,1,4166
2607,H2607,4,17226
2608,I2608,2,5287
2609,J2609,4,18347
2610,K2610,2,6408
2611,L2611,4,19468
2612,M2612,2,7529
2613,N2613,5,20589
2614,O2614,2,8651
2615,P2615,5,21711
2616,Q2616,2,9772
2617,R2617,5,22832
2618,S2618,3,10893
2619,T2619,5,23953
2620,U2620,3,12014
2621,V2621,1,75
2622,W2622,3,13135
2623,X2623,1,1197
2624,Y2624,3,14257
2625,Z2625,1,2318
2626,A2626,4,15378
2627,B2627,1,3439
2628,C2628,4,16499
2629,D2629,1,4560
2630,E2630,4,17620
2631,F2631,2,5681
2632,G2632,4,18742
2633,H2633,2,6803
2634,I2634,4,19863
2635,J2635,2,7924
2636,K2636,5,20984
2637,L2637,2,9045
2638,M2638,5,22105
2639,N2639,3,10166
2640,O2640,5,23226
2641,P2641,3,11287
2642,Q2642,5,24348
2643,R2643,3,12409
2644,S2644,1,470
2645,T2645,3,13530
2646,U2646,1,1591
2647,V2647,3,14651
2648,W2648,1,2712
2649,X2649,4,15772
2650,Y2650,1,3833
2651,Z2651,4,16894
2652,A2652,1,4955
2653,B2653,4,18015
2654,C2654,2,6076
2655,D2655,4,19136
2656,E2656,2,7197
2657,F2657,5,20257
2658,G2658,2,8318
2659,H2659,5,21378
2660,I2660,2,9440
2661,J2661,5,22500
2662,K2662,3,10561
2663,L2663,5,23621
2664,M2664,3,11682
2665,N2665,5,24742
2666,O2666,3,12803
2667,P2667,1,864
2668,Q2668,3,13924
2669,R2669,1,1986
2670,S2670,4,15046
2671,T2671,1,3107
2672,U2672,4,16167
2673,V2673,1,4228
2674,W2674,4,17288
2675,X2675,2,5349
2676,Y2676,4,18409
2677,Z2677,2,6470
2678,A2678,4,19531
2679,B2679,2,7592
2680,C2680,5,20652
2681,D2681,2,8713
2682,E2682,5,21773
2683,F2683,2,9834
2684,G2684,5,22894
2685,H2685,3,10955
2686,I2686,5,24015
2687,J2687,3,12077
2688,K2688,1,138
2689,L2689,3,13198
2690,M2690,1,1259
2691,N2691,3,14319
2692,O2692,1,2380
2693,P2693,4,15440
2694,Q2694,1,3501
2695,R2695,4,16561
2696,S2696,1,4623
2697,T2697,4,17683
2698,U2698,2,5744
2699,V2699,4,18804
2700,W2700,2,6865
2701,X2701,4,19925
2702,Y2702,2,7986
2703,Z2703,5,21046
2704,A2704,2,9107
2705,B2705,5,22168
2706,C2706,3,10229
2707,D2707,5,23289
2708,E2708,3,11350
2709,F2709,5,24410
2710,G2710,3,12471
2711,H2711,1,532
2712,I2712,3,13592
2713,J2713,1,1653
2714,K2714,3,14714
2715,L2715,1,2775
2716,M2716,4,15835
2717,N2717,1,3896
2718,O2718,4,16956
2719,P2719,2,5017
2720,Q2720,4,18077
2721,R2721,2,6138
2722,S2722,4,19198
2723,T2723,2,7260
2724,U2724,5,20320
2725,V2725,2,8381
2726,W2726,5,21441
2727,X2727,2,9502
2728,Y2728,5,22562
2729,Z2729,3,10623
2730,A2730,5,23683
2731,B2731,3,11744
2732,C2732,5,24805
2733,D2733,3,12866
2734,E2734,1,927
2735,F2735,3,13987
2736,G2736,1,2048
2737,H2737,4,15108
2738,I2738,1,3169
2739,J2739,4,16229
2740,K2740,1,4290
2741,L2741,4,17351
2742,M2742,2,5412
2743,N2743,4,18472
2744,O2744,2,6533
2745,P2745,4,19593
2746,Q2746,2,7654
2747,R2747,5,20714
2748,S2748,2,8775
2749,T2749,5,21835
2750,U2750,2,9897
2751,V2751,5,22957
2752,W2752,3,11018
2753,X2753,5,24078
2754,Y2754,3,12139
2755,Z2755,1,200
2756,A2756,3,13260
2757,B2757,1,1321
2758,C2758,3,14381
2759,D2759,1,2443
2760,E2760,4,15503
2761,F2761,1,3564
2762,G2762,4,16624
2763,H2763,1,4685
2764,I2764,4,17745
2765,J2765,2,5806
2766,K2766,4,18866
2767,L2767,2,6927
2768,M2768,4,19988
2769,N2769,2,8049
2770,O2770,5,21109
2771,P2771,2,9170
2772,Q2772,5,22230
2773,R2773,3,10291
2774,S2774,5,23351
2775,T2775,3,11412
2776,U2776,5,24472
2777,V2777,3,12534
2778,W2778,1,595
2779,X2779,3,13655
2780,Y2780,1,1716
2781,Z2781,3,14776
2782,A2782,1,2837
2783,B2783,4,15897
2784,C2784,1,3958
2785,D2785,4,17018
2786,E2786,2,5080
2787,F2787,4,18140
2788,G2788,2,6201
2789,H2789,4,19261
2790,I2790,2,7322
2791,J2791,5,20382
2792,K2792,2,8443
2793,L2793,5,21503
2794,M2794,2,9564
2795,N2795,5,22625
2796,O2796,3,10686
2797,P2797,5,23746
2798,Q2798,3,11807
2799,R2799,5,24867
2800,S2800,3,12928
2801,T2801,1,989
2802,U2802,3,14049
2803,V2803,1,2110
2804,W2804,4,15170
2805,X2805,1,3232
2806,Y2806,4,16292
2807,Z2807,1,4353
2808,A2808,4,17413
2809,B2809,2,5474
2810,C2810,4,18534
2811,D2811,2,6595
2812,E2812,4,19655
2813,F2813,2,7716
2814,G2814,5,20777
2815,H2815,2,8838
2816,I2816,5,21898
2817,J2817,2,9959
2818,K2818,5,23019
2819,L2819,3,11080
2820,M2820,5,24140
2821,N2821,3,12201
2822,O2822,1,262
2823,P2823,3,13323
2824,Q2824,1,1384
2825,R2825,3,14444
2826,S2826,1,2505
2827,T2827,4,15565
2828,U2828,1,3626
2829,V2829,4,16686
2830,W2830,1,4747
2831,X2831,4,17807
2832,Y2832,2,5869
2833,Z2833,4,18929
2834,A2834,2,6990
2835,B2835,5,20050
2836,C2836,2,8111
2837,D2837,5,21171
2838,E2838,2,9232
2839,F2839,5,22292
2840,G2840,3,10353
2841,H2841,5,23414
2842,I2842,3,11475
2843,J2843,5,24535
2844,K2844,3,12596
2845,L2845,1,657
2846,M2846,3,13717
2847,N2847,1,1778
2848,O2848,3,14838
2849,P2849,1,2899
2850,Q2850,4,15960
2851,R2851,1,4021
2852,S2852,4,17081
2853,T2853,2,5142
2854,U2854,4,18202
2855,V2855,2,6263
2856,W2856,4,19323
2857,X2857,2,7384
2858,Y2858,5,20444
2859,Z2859,2,8506
2860,A2860,5,21566
2861,B2861,2,9627
2862,C2862,5,22687
2863,D2863,3,10748
2864,E2864,5,23808
2865,F2865,3,11869
2866,G2866,5,24929
2867,H2867,3,12990
2868,I2868,1,1052
2869,J2869,3,14112
2870,K2870,1,2173
2871,L2871,4,15233
2872,M2872,1,3294
2873,N2873,4,16354
2874,O2874,1,4415
2875,P2875,4,17475
2876,Q2876,2,5536
2877,R2877,4,18597
2878,S2878,2,6658
2879,T2879,4,19718
2880,U2880,2,7779
2881,V2881,5,20839
2882,W2882,2,8900
2883,X2883,5,21960
2884,Y2884,3,10021
2885,Z2885,5,23081
2886,A2886,3,11143
2887,B2887,5,24203
2888,C2888,3,12264
2889,D2889,1,325
2890,E2890,3,13385
2891,F2891,1,1446
2892,G2892,3,14506
2893,H2893,1,2567
2894,I2894,4,15627
2895,J2895,1,3689
2896,K2896,4,16749
2897,L2897,1,4810
2898,M2898,4,17870
2899,N2899,2,5931
2900,O2900,4,18991
2901,P2901,2,7052
2902,Q2902,5,20112
2903,R2903,2,8173
2904,S2904,5,21234
2905,T2905,2,9295
2906,U2906,5,22355
2907,V2907,3,10416
2908,W2908,5,23476
2909,X2909,3,11537
2910,Y2910,5,24597
2911,Z2911,3,12658
2912,A2912,1,719
2913,B2913,3,13780
2914,C2914,1,1841
2915,D2915,3,14901
2916,E2916,1,2962
2917,F2917,4,16022
2918,G2918,1,4083
2919,H2919,4,17143
2920,I2920,2,5204
2921,J2921,4,18264
2922,K2922,2,6326
2923,L2923,4,19386
2924,M2924,2,7447
2925,N2925,5,20507
2926,O2926,2,8568
2927,P2927,5,21628
2928,Q2928,2,9689
2929,R2929,5,22749
2930,S2930,3,10810
2931,T2931,5,23871
2932,U2932,3,11932
2933,V2933,5,24992
2934,W2934,3,13053
2935,X2935,1,1114
2936,Y2936,3,14174
2937,Z2937,1,2235
2938,A2938,4,15295
2939,B2939,1,3356
2940,C2940,4,16417
2941,D2941,1,4478
2942,E2942,4,17538
2943,F2943,2,5599
2944,G2944,4,18659
2945,H2945,2,6720
2946,I2946,4,19780
2947,J2947,2,7841
2948,K2948,5,20901
2949,L2949,2,8963
2950,M2950,5,22023
2951,N2951,3,10084
2952,O2952,5,23144
2953,P2953,3,11205
2954,Q2954,5,24265
2955,R2955,3,12326
2956,S2956,1,387
2957,T2957,3,13447
2958,U2958,1,1509
2959,V2959,3,14569
2960,W2960,1,2630
2961,X2961,4,15690
2962,Y2962,1,3751
2963,Z2963,4,16811
2964,A2964,1,4872
2965,B2965,4,17932
2966,C2966,2,5993
2967,D2967,4,19053
2968,E2968,2,7115
2969,F2969,5,20175
2970,G2970,2,8236
2971,H2971,5,21296
2972,I2972,2,9357
2973,J2973,5,22417
2974,K2974,3,10478
2975,L2975,5,23538
2976,M2976,3,11599
2977,N2977,5,24660
2978,O2978,3,12721
2979,P2979,1,782
2980,Q2980,3,13842
2981,R2981,1,1903
2982,S2982,3,14963
2983,T2983,1,3024
2984,U2984,4,16084
2985,V2985,1,4145
2986,W2986,4,17206
2987,X2987,2,5267
2988,Y2988,4,18327
2989,Z2989,2,6388
2990,A2990,4,19448
2991,B2991,2,7509
2992,C2992,5,20569
2993,D2993,2,8630
2994,E2994,5,21690
2995,F2995,2,9752
2996,G2996,5,22812
2997,H2997,3,10873
2998,I2998,5,23933
2999,J2999,3,11994
3000,K3000,1,55
3001,L3001,3,13115
3002,M3002,1,1176
3003,N3003,3,14236
3004,O3004,1,2298
3005,P3005,4,15358
3006,Q3006,1,3419
3007,R3007,4,16479
3008,S3008,1,4540
3009,T3009,4,17600
3010,U3010,2,5661
3011,V3011,4,18721
3012,W3012,2,6782
3013,X3013,4,19843
3014,Y3014,2,7904
3015,Z3015,5,20964
3016,A3016,2,9025
3017,B3017,5,22085
3018,C3018,3,10146
3019,D3019,5,23206
3020,E3020,3,11267
3021,F3021,5,24327
3022,G3022,3,12389
3023,H3023,1,450
3024,I3024,3,13510
3025,J3025,1,1571
3026,K3026,3,14631
3027,L3027,1,2692
3028,M3028,4,15752
3029,N3029,1,3813
3030,O3030,4,16873
3031,P3031,1,4935
3032,Q3032,4,17995
3033,R3033,2,6056
3034,S3034,4,19116
3035,T3035,2,7177
3036,U3036,5,20237
3037,V3037,2,8298
3038,W3038,5,21358
3039,X3039,2,9419
3040,Y3040,5,22480
3041,Z3041,3,10541
3042,A3042,5,23601
3043,B3043,3,11662
3044,C3044,5,24722
3045,D3045,3,12783
3046,E3046,1,844
3047,F3047,3,13904
3048,G3048,1,1965
3049,H3049,4,15026
3050,I3050,1,3087
3051,J3051,4,16147
3052,K3052,1,4208
3053,L3053,4,17268
3054,M3054,2,5329
3055,N3055,4,18389
3056,O3056,2,6450
3057,P3057,4,19510
3058,Q3058,2,7572
3059,R3059,5,20632
3060,S3060,2,8693
3061,T3061,5,21753
3062,U3062,2,9814
3063,V3063,5,22874
3064,W3064,3,10935
3065,X3065,5,23995
3066,Y3066,3,12056
3067,Z3067,1,118
3068,A3068,3,13178
3069,B3069,1,1239
3070,C3070,3,14299
3071,D3071,1,2360
3072,E3072,4,15420
3073,F3073,1,3481
3074,G3074,4,16541
3075,H3075,1,4602
3076,I3076,4,17663
3077,J3077,2,5724
3078,K3078,4,18784
3079,L3079,2,6845
3080,M3080,4,19905
3081,N3081,2,7966
3082,O3082,5,21026
3083,P3083,2,9087
3084,Q3084,5,22147
3085,R3085,3,10209
3086,S3086,5,23269
3087,T3087,3,11330
3088,U3088,5,24390
3089,V3089,3,12451
3090,W3090,1,512
3091,X3091,3,13572
3092,Y3092,1,1633
3093,Z3093,3,14693
3094,A3094,1,2755
3095,B3095,4,15815
3096,C3096,1,3876
3097,D3097,4,16936
3098,E3098,1,4997
3099,F3099,4,18057
3100,G3100,2,6118
3101,H3101,4,19178
3102,I3102,2,7239
3103,J3103,5,20300
3104,K3104,2,8361
3105,L3105,5,21421
3106,M3106,2,9482
3107,N3107,5,22542
3108,O3108,3,10603
3109,P3109,5,23663
3110,Q3110,3,11724
3111,R3111,5,24784
3112,S3112,3,12846
3113,T3113,1,907
3114,U3114,3,13967
3115,V3115,1,2028
3116,W3116,4,15088
3117,X3117,1,3149
3118,Y3118,4,16209
3119,Z3119,1,4270
3120,A3120,4,17330
3121,B3121,2,5392
3122,C3122,4,18452
3123,D3123,2,6513
3124,E3124,4,19573
3125,F3125,2,7634
3126,G3126,5,20694
3127,H3127,2,8755
3128,I3128,5,21815
3129,J3129,2,9876
3130,K3130,5,22936
3131,L3131,3,10998
3132,M3132,5,24058
3133,N3133,3,12119
3134,O3134,1,180
3135,P3135,3,13240
3136,Q3136,1,1301
3137,R3137,3,14361
3138,S3138,1,2422
3139,T3139,4,15482
3140,U3140,1,3544
3141,V3141,4,16604
3142,W3142,1,4665
3143,X3143,4,17725
3144,Y3144,2,5786
3145,Z3145,4,18846
3146,A3146,2,6907
3147,B3147,4,19967
3148,C3148,2,8028
3149,D3149,5,21089
3150,E3150,2,9150
3151,F3151,5,22210
3152,G3152,3,10271
3153,H3153,5,23331
3154,I3154,3,11392
3155,J3155,5,24452
3156,K3156,3,12513
3157,L3157,1,574
3158,M3158,3,13635
3159,N3159,1,1696
3160,O3160,3,14756
3161,P3161,1,2817
3162,Q3162,4,15877
3163,R3163,1,3938
3164,S3164,4,16998
3165,T3165,2,5059
3166,U3166,4,18119
3167,V3167,2,6181
3168,W3168,4,19241
3169,X3169,2,7302
3170,Y3170,5,20362
3171,Z3171,2,8423
3172,A3172,5,21483
3173,B3173,2,9544
3174,C3174,5,22604
3175,D3175,3,10665
3176,E3176,5,23726
3177,F3177,3,11787
3178,G3178,5,24847
3179,H3179,3,12908
3180,I3180,1,969
3181,J3181,3,14029
3182,K3182,1,2090
3183,L3183,4,15150
3184,M3184,1,3211
3185,N3185,4,16272
3186,O3186,1,4333
3187,P3187,4,17393
3188,Q3188,2,5454
3189,R3189,4,18514
3190,S3190,2,6575
3191,T3191,4,19635
3192,U3192,2,7696
3193,V3193,5,20756
3194,W3194,2,8818
3195,X3195,5,21878
3196,Y3196,2,9939
3197,Z3197,5,22999
3198,A3198,3,11060
3199,B3199,5,24120
3200,C3200,3,12181
3201,D3201,1,242
3202,E3202,3,13302
3203,F3203,1,1364
3204,G3204,3,14424
3205,H3205,1,2485
3206,I3206,4,15545
3207,J3207,1,3606
3208,K3208,4,16666
3209,L3209,1,4727
3210,M3210,4,17787
3211,N3211,2,5848
3212,O3212,4,18909
3213,P3213,2,6970
3214,Q3214,5,20030
3215,R3215,2,8091
3216,S3216,5,21151
3217,T3217,2,9212
3218,U3218,5,22272
3219,V3219,3,10333
3220,W3220,5,23393
3221,X3221,3,11455
3222,Y3222,5,24515
3223,Z3223,3,12576
3224,A3224,1,637
3225,B3225,3,13697
3226,C3226,1,1758
3227,D3227,3,14818
3228,E3228,1,2879
3229,F3229,4,15939
3230,G3230,1,4001
3231,H3231,4,17061
3232,I3232,2,5122
3233,J3233,4,18182
3234,K3234,2,6243
3235,L3235,4,19303
3236,M3236,2,7364
3237,N3237,5,20424
3238,O3238,2,8485
3239,P3239,5,21546
3240,Q3240,2,9607
3241,R3241,5,22667
3242,S3242,3,10728
3243,T3243,5,23788
3244,U3244,3,11849
3245,V3245,5,24909
3246,W3246,3,12970
3247,X3247,1,1031
3248,Y3248,3,14092
3249,Z3249,1,2153
3250,A3250,4,15213
3251,B3251,1,3274
3252,C3252,4,16334
3253,D3253,1,4395
3254,E3254,4,17455
3255,F3255,2,5516
3256,G3256,4,18576
3257,H3257,2,6638
3258,I3258,4,19698
3259,J3259,2,7759
3260,K3260,5,20819
3261,L3261,2,8880
3262,M3262,5,21940
3263,N3263,3,10001
3264,O3264,5,23061
3265,P3265,3,11122
3266,Q3266,5,24183
3267,R3267,3,12244
3268,S3268,1,305
3269,T3269,3,13365
3270,U3270,1,1426
3271,V3271,3,14486
3272,W3272,1,2547
3273,X3273,4,15607
3274,Y3274,1,3668
3275,Z3275,4,16729
3276,A3276,1,4790
3277,B3277,4,17850
3278,C3278,2,5911
3279,D3279,4,18971
3280,E3280,2,7032
3281,F3281,5,20092
3282,G3282,2,8153
3283,H3283,5,21213
3284,I3284,2,9275
3285,J3285,5,22335
3286,K3286,3,10396
3287,L3287,5,23456
3288,M3288,3,11517
3289,N3289,5,24577
3290,O3290,3,12638
3291,P3291,1,699
3292,Q3292,3,13759
3293,R3293,1,1820
3294,S3294,3,14881
3295,T3295,1,2942
3296,U3296,4,16002
3297,V3297,1,4063
3298,W3298,4,17123
3299,X3299,2,5184
3300,Y3300,4,18244
3301,Z3301,2,6305
3302,A3302,4,19365
3303,B3303,2,7427
3304,C3304,5,20487
3305,D3305,2,8548
3306,E3306,5,21608
3307,F3307,2,9669
3308,G3308,5,22729
3309,H3309,3,10790
3310,I3310,5,23850
3311,J3311,3,11911
3312,K3312,5,24972
3313,L3313,3,13033
3314,M3314,1,1094
3315,N3315,3,14154
3316,O3316,1,2215
3317,P3317,4,15275
3318,Q3318,1,3336
3319,R3319,4,16396
3320,S3320,1,4457
3321,T3321,4,17518
3322,U3322,2,5579
3323,V3323,4,18639
3324,W3324,2,6700
3325,X3325,4,19760
3326,Y3326,2,7821
3327,Z3327,5,20881
3328,A3328,2,8942
3329,B3329,5,22002
3330,C3330,3,10064
3331,D3331,5,23124
3332,E3332,3,11185
3333,F3333,5,24245
3334,G3334,3,12306
3335,H3335,1,367
3336,I3336,3,13427
3337,J3337,1,1488
3338,K3338,3,14548
3339,L3339,1,2610
3340,M3340,4,15670
3341,N3341,1,3731
3342,O3342,4,16791
3343,P3343,1,4852
3344,Q3344,4,17912
3345,R3345,2,5973
3346,S3346,4,19033
3347,T3347,2,7094
3348,U3348,5,20155
3349,V3349,2,8216
3350,W3350,5,21276
3351,X3351,2,9337
3352,Y3352,5,22397
3353,Z3353,3,10458
3354,A3354,5,23518
3355,B3355,3,11579
3356,C3356,5,24639
3357,D3357,3,12701
3358,E3358,1,762
3359,F3359,3,13822
3360,G3360,1,1883
3361,H3361,3,14943
3362,I3362,1,3004
3363,J3363,4,16064
3364,K3364,1,4125
3365,L3365,4,17185
3366,M3366,2,5247
3367,N3367,4,18307
3368,O3368,2,6368
3369,P3369,4,19428
3370,Q3370,2,7489
3371,R3371,5,20549
3372,S3372,2,8610
3373,T3373,5,21670
3374,U3374,2,9731
3375,V3375,5,22792
3376,W3376,3,10853
3377,X3377,5,23913
3378,Y3378,3,11974
3379,Z3379,1,35
3380,A3380,3,13095
3381,B3381,1,1156
3382,C3382,3,14216
3383,D3383,1,2277
3384,E3384,4,15338
3385,F3385,1,3399
3386,G3386,4,16459
3387,H3387,1,4520
3388,I3388,4,17580
3389,J3389,2,5641
3390,K3390,4,18701
3391,L3391,2,6762
3392,M3392,4,19822
3393,N3393,2,7884
3394,O3394,5,20944
3395,P3395,2,9005
3396,Q3396,5,22065
3397,R3397,3,10126
3398,S3398,5,23186
3399,T3399,3,11247
3400,U3400,5,24307
3401,V3401,3,12368
3402,W3402,1,430
3403,X3403,3,13490
3404,Y3404,1,1551
3405,Z3405,3,14611
3406,A3406,1,2672
3407,B3407,4,15732
3408,C3408,1,3793
3409,D3409,4,16853
3410,E3410,1,4914
3411,F3411,4,17975
3412,G3412,2,6036
3413,H3413,4,19096
3414,I3414,2,7157
3415,J3415,5,20217
3416,K3416,2,8278
3417,L3417,5,21338
3418,M3418,2,9399
3419,N3419,5,22459
3420,O3420,3,10521
3421,P3421,5,23581
3422,Q3422,3,11642
3423,R3423,5,24702
3424,S3424,3,12763
3425,T3425,1,824
3426,U3426,3,13884
3427,V3427,1,1945
3428,W3428,4,15005
3429,X3429,1,3067
3430,Y3430,4,16127
3431,Z3431,1,4188
3432,A3432,4,17248
3433,B3433,2,5309
3434,C3434,4,18369
3435,D3435,2,6430
3436,E3436,4,19490
3437,F3437,2,7551
3438,G3438,5,20612
3439,H3439,2,8673
3440,I3440,5,21733
3441,J3441,2,9794
3442,K3442,5,22854
3443,L3443,3,10915
3444,M3444,5,23975
3445,N3445,3,12036
3446,O3446,1,97
3447,P3447,3,13158
3448,Q3448,1,1219
3449,R3449,3,14279
3450,S3450,1,2340
3451,T3451,4,15400
3452,U3452,1,3461
3453,V3453,4,16521
3454,W3454,1,4582
3455,X3455,4,17642
3456,Y3456,2,5703
3457,Z3457,4,18764
3458,A3458,2,6825
3459,B3459,4,19885
3460,C3460,2,7946
3461,D3461,5,21006
3462,E3462,2,9067
3463,F3463,5,22127
3464,G3464,3,10188
3465,H3465,5,23248
3466,I3466,3,11310
3467,J3467,5,24370
3468,K3468,3,12431
3469,L3469,1,492
3470,M3470,3,13552
3471,N3471,1,1613
3472,O3472,3,14673
3473,P3473,1,2734
3474,Q3474,4,15794
3475,R3475,1,3856
3476,S3476,4,16916
3477,T3477,1,4977
3478,U3478,4,18037
3479,V3479,2,6098
3480,W3480,4,19158
3481,X3481,2,7219
3482,Y3482,5,20279
3483,Z3483,2,8340
3484,A3484,5,21401
3485,B3485,2,9462
3486,C3486,5,22522
3487,D3487,3,10583
3488,E3488,5,23643
3489,F3489,3,11704
3490,G3490,5,24764
3491,H3491,3,12825
3492,I3492,1,886
3493,J3493,3,13947
3494,K3494,1,2008
3495,L3495,4,15068
3496,M3496,1,3129
3497,N3497,4,16189
3498,O3498,1,4250
3499,P3499,4,17310
3500,Q3500,2,5371
3501,R3501,4,18431
3502,S3502,2,6493
3503,T3503,4,19553
3504,U3504,2,7614
3505,V3505,5,20674
3506,W3506,2,8735
3507,X3507,5,21795
3508,Y3508,2,9856
3509,Z3509,5,22916
3510,A3510,3,10977
3511,B3511,5,24038
3512,C3512,3,12099
3513,D3513,1,160
3514,E3514,3,13220
3515,F3515,1,1281
3516,G3516,3,14341
3517,H3517,1,2402
3518,I3518,4,15462
3519,J3519,1,3523
3520,K3520,4,16584
3521,L3521,1,4645
3522,M3522,4,17705
3523,N3523,2,5766
3524,O3524,4,18826
3525,P3525,2,6887
3526,Q3526,4,19947
3527,R3527,2,8008
3528,S3528,5,21068
3529,T3529,2,9130
3530,U3530,5,22190
3531,V3531,3,10251
3532,W3532,5,23311
3533,X3533,3,11372
3534,Y3534,5,24432
3535,Z3535,3,12493
3536,A3536,1,554
3537,B3537,3,13614
3538,C3538,1,1676
3539,D3539,3,14736
3540,E3540,1,2797
3541,F3541,4,15857
3542,G3542,1,3918
3543,H3543,4,16978
3544,I3544,2,5039
3545,J3545,4,18099
3546,K3546,2,6160
3547,L3547,4,19221
3548,M3548,2,7282
3549,N3549,5,20342
3550,O3550,2,8403
3551,P3551,5,21463
3552,Q3552,2,9524
3553,R3553,5,22584
3554,S3554,3,10645
3555,T3555,5,23705
3556,U3556,3,11767
3557,V3557,5,24827
3558,W3558,3,12888
3559,X3559,1,949
3560,Y3560,3,14009
3561,Z3561,1,2070
3562,A3562,4,15130
3563,B3563,1,3191
3564,C3564,4,16251
3565,D3565,1,4313
3566,E3566,4,17373
3567,F3567,2,5434
3568,G3568,4,18494
3569,H3569,2,6555
3570,I3570,4,19615
3571,J3571,2,7676
3572,K3572,5,20736
3573,L3573,2,8797
3574,M3574,5,21858
3575,N3575,2,9919
3576,O3576,5,22979
3577,P3577,3,11040
3578,Q3578,5,24100
3579,R3579,3,12161
3580,S3580,1,222
3581,T3581,3,13282
3582,U3582,1,1343
3583,V3583,3,14404
3584,W3584,1,2465
3585,X3585,4,15525
3586,Y3586,1,3586
3587,Z3587,4,16646
3588,A3588,1,4707
3589,B3589,4,17767
3590,C3590,2,5828
3591,D3591,4,18888
3592,E3592,2,6950
3593,F3593,5,20010
3594,G3594,2,8071
3595,H3595,5,21131
3596,I3596,2,9192
3597,J3597,5,22252
3598,K3598,3,10313
3599,L3599,5,23373
3600,M3600,3,11434
3601,N3601,5,24495
3602,O3602,3,12556
3603,P3603,1,617
3604,Q3604,3,13677
3605,R3605,1,1738
3606,S3606,3,14798
3607,T3607,1,2859
3608,U3608,4,15919
3609,V3609,1,3980
3610,W3610,4,17041
3611,X3611,2,5102
3612,Y3612,4,18162
3613,Z3613,2,6223
3614,A3614,4,19283
3615,B3615,2,7344
3616,C3616,5,20404
3617,D3617,2,8465
3618,E3618,5,21525
3619,F3619,2,9586
3620,G3620,5,22647
3621,H3621,3,10708
3622,I3622,5,23768
3623,J3623,3,11829
3624,K3624,5,24889
3625,L3625,3,12950
3626,M3626,1,1011
3627,N3627,3,14071
3628,O3628,1,2132
3629,P3629,4,15193
3630,Q3630,1,3254
3631,R3631,4,16314
3632,S3632,1,4375
3633,T3633,4,17435
3634,U3634,2,5496
3635,V3635,4,18556
3636,W3636,2,6617
3637,X3637,4,19677
3638,Y3638,2,7739
3639,Z3639,5,20799
3640,A3640,2,8860
3641,B3641,5,21920
3642,C3642,2,9981
3643,D3643,5,23041
3644,E3644,3,11102
3645,F3645,5,24162
3646,G3646,3,12223
3647,H3647,1,285
3648,I3648,3,13345
3649,J3649,1,1406
3650,K3650,3,14466
3651,L3651,1,2527
3652,M3652,4,15587
3653,N3653,1,3648
3654,O3654,4,16708
3655,P3655,1,4769
3656,Q3656,4,17830
3657,R3657,2,5891
3658,S3658,4,18951
3659,T3659,2,7012
3660,U3660,5,20072
3661,V3661,2,8133
3662,W3662,5,21193
3663,X3663,2,9254
3664,Y3664,5,22314
3665,Z3665,3,10376
3666,A3666,5,23436
3667,B3667,3,11497
3668,C3668,5,24557
3669,D3669,3,12618
3670,E3670,1,679
3671,F3671,3,13739
3672,G3672,1,1800
3673,H3673,3,14860
3674,I3674,1,2922
3675,J3675,4,15982
3676,K3676,1,4043
3677,L3677,4,17103
3678,M3678,2,5164
3679,N3679,4,18224
3680,O3680,2,6285
3681,P3681,4,19345
3682,Q3682,2,7406
3683,R3683,5,20467
3684,S3684,2,8528
3685,T3685,5,21588
3686,U3686,2,9649
3687,V3687,5,22709
3688,W3688,3,10770
3689,X3689,5,23830
3690,Y3690,3,11891
3691,Z3691,5,24951
3692,A3692,3,13013
3693,B3693,1,1074
3694,C3694,3,14134
3695,D3695,1,2195
3696,E3696,4,15255
3697,F3697,1,3316
3698,G3698,4,16376
3699,H3699,1,4437
3700,I3700,4,17497
3701,J3701,2,5559
3702,K3702,4,18619
3703,L3703,2,6680
3704,M3704,4,19740
3705,N3705,2,7801
3706,O3706,5,20861
3707,P3707,2,8922
3708,Q3708,5,21982
3709,R3709,3,10043
3710,S3710,5,23104
3711,T3711,3,11165
3712,U3712,5,24225
3713,V3713,3,12286
3714,W3714,1,347
3715,X3715,3,13407
3716,Y3716,1,1468
3717,Z3717,3,14528
3718,A3718,1,2589
3719,B3719,4,15650
3720,C3720,1,3711
3721,D3721,4,16771
3722,E3722,1,4832
3723,F3723,4,17892
3724,G3724,2,5953
3725,H3725,4,19013
3726,I3726,2,7074
3727,J3727,5,20134
3728,K3728,2,8196
3729,L3729,5,21256
3730,M3730,2,9317
3731,N3731,5,22377
3732,O3732,3,10438
3733,P3733,5,23498
3734,Q3734,3,11559
3735,R3735,5,24619
3736,S3736,3,12680
3737,T3737,1,742
3738,U3738,3,13802
3739,V3739,1,1863
3740,W3740,3,14923
3741,X3741,1,2984
3742,Y3742,4,16044
3743,Z3743,1,4105
3744,A3744,4,17165
3745,B3745,2,5226
3746,C3746,4,18287
3747,D3747,2,6348
3748,E3748,4,19408
3749,F3749,2,7469
3750,G3750,5,20529
3751,H3751,2,8590
3752,I3752,5,21650
3753,J3753,2,9711
3754,K3754,5,22771
3755,L3755,3,10833
3756,M3756,5,23893
3757,N3757,3,11954
3758,O3758,1,15
3759,P3759,3,13075
3760,Q3760,1,1136
3761,R3761,3,14196
3762,S3762,1,2257
3763,T3763,4,15317
3764,U3764,1,3379
3765,V3765,4,16439
3766,W3766,1,4500
3767,X3767,4,17560
3768,Y3768,2,5621
3769,Z3769,4,18681
3770,A3770,2,6742
3771,B3771,4,19802
3772,C3772,2,7863
3773,D3773,5,20924
3774,E3774,2,8985
3775,F3775,5,22045
3776,G3776,3,10106
3777,H3777,5,23166
3778,I3778,3,11227
3779,J3779,5,24287
3780,K3780,3,12348
3781,L3781,1,409
3782,M3782,3,13469
3783,N3783,1,1531
3784,O3784,3,14591
3785,P3785,1,2652
3786,Q3786,4,15712
3787,R3787,1,3773
3788,S3788,4,16833
3789,T3789,1,4894
3790,U3790,4,17954
3791,V3791,2,6015
3792,W3792,4,19076
3793,X3793,2,7137
3794,Y3794,5,20197
3795,Z3795,2,8258
3796,A3796,5,21318
3797,B3797,2,9379
3798,C3798,5,22439
3799,D3799,3,10500
3800,E3800,5,23560
3801,F3801,3,11622
3802,G3802,5,24682
3803,H3803,3,12743
3804,I3804,1,804
3805,J3805,3,13864
3806,K3806,1,1925
3807,L3807,3,14985
3808,M3808,1,3046
3809,N3809,4,16106
3810,O3810,1,4168
3811,P3811,4,17228
3812,Q3812,2,5289
3813,R3813,4,18349
3814,S3814,2,6410
3815,T3815,4,19470
3816,U3816,2,7531
3817,V3817,5,20591
3818,W3818,2,8652
3819,X3819,5,21713
3820,Y3820,2,9774
3821,Z3821,5,22834
3822,A3822,3,10895
3823,B3823,5,23955
3824,C3824,3,12016
3825,D3825,1,77
3826,E3826,3,13137
3827,F3827,1,1198
3828,G3828,3,14259
3829,H3829,1,2320
3830,I3830,4,15380
3831,J3831,1,3441
3832,K3832,4,16501
3833,L3833,1,4562
3834,M3834,4,17622
3835,N3835,2,5683
3836,O3836,4,18743
3837,P3837,2,6805
3838,Q3838,4,19865
3839,R3839,2,7926
3840,S3840,5,20986
3841,T3841,2,9047
3842,U3842,5,22107
3843,V3843,3,10168
3844,W3844,5,23228
3845,X3845,3,11289
3846,Y3846,5,24350
3847,Z3847,3,12411
3848,A3848,1,472
3849,B3849,3,13532
3850,C3850,1,1593
3851,D3851,3,14653
3852,E3852,1,2714
3853,F3853,4,15774
3854,G3854,1,3835
3855,H3855,4,16896
3856,I3856,1,4957
3857,J3857,4,18017
3858,K3858,2,6078
3859,L3859,4,19138
3860,M3860,2,7199
3861,N3861,5,20259
3862,O3862,2,8320
3863,P3863,5,21380
3864,Q3864,2,9442
3865,R3865,5,22502
3866,S3866,3,10563
3867,T3867,5,23623
3868,U3868,3,11684
3869,V3869,5,24744
3870,W3870,3,12805
3871,X3871,1,866
3872,Y3872,3,13926
3873,Z3873,1,1988
3874,A3874,4,15048
3875,B3875,1,3109
3876,C3876,4,16169
3877,D3877,1,4230
3878,E3878,4,17290
3879,F3879,2,5351
3880,G3880,4,18411
3881,H3881,2,6472
3882,I3882,4,19533
3883,J3883,2,7594
3884,K3884,5,20654
3885,L3885,2,8715
3886,M3886,5,21775
3887,N3887,2,9836
3888,O3888,5,22896
3889,P3889,3,10957
3890,Q3890,5,24017
3891,R3891,3,12079
3892,S3892,1,140
3893,T3893,3,13200
3894,U3894,1,1261
3895,V3895,3,14321
3896,W3896,1,2382
3897,X3897,4,15442
3898,Y3898,1,3503
3899,Z3899,4,16563
3900,A3900,1,4625
3901,B3901,4,17685
3902,C3902,2,5746
3903,D3903,4,18806
3904,E3904,2,6867
3905,F3905,4,19927
3906,G3906,2,7988
3907,H3907,5,21048
3908,I3908,2,9109
3909,J3909,5,22170
3910,K3910,3,10231
3911,L3911,5,23291
3912,M3912,3,11352
3913,N3913,5,24412
3914,O3914,3,12473
3915,P3915,1,534
3916,Q3916,3,13594
3917,R3917,1,1655
3918,S3918,3,14716
3919,T3919,1,2777
3920,U3920,4,15837
3921,V3921,1,3898
3922,W3922,4,16958
3923,X3923,2,5019
3924,Y3924,4,18079
3925,Z3925,2,6140
3926,A3926,4,19200
3927,B3927,2,7262
3928,C3928,5,20322
3929,D3929,2,8383
3930,E3930,5,21443
3931,F3931,2,9504
3932,G3932,5,22564
3933,H3933,3,10625
3934,I3934,5,23685
3935,J3935,3,11746
3936,K3936,5,24807
3937,L3937,3,12868
3938,M3938,1,929
3939,N3939,3,13989
3940,O3940,1,2050
3941,P3941,4,15110
3942,Q3942,1,3171
3943,R3943,4,16231
3944,S3944,1,4292
3945,T3945,4,17352
3946,U3946,2,5414
3947,V3947,4,18474
3948,W3948,2,6535
3949,X3949,4,19595
3950,Y3950,2,7656
3951,Z3951,5,20716
3952,A3952,2,8777
3953,B3953,5,21837
3954,C3954,2,9898
3955,D3955,5,22959
3956,E3956,3,11020
3957,F3957,5,24080
3958,G3958,3,12141
3959,H3959,1,202
3960,I3960,3,13262
3961,J3961,1,1323
3962,K3962,3,14383
3963,L3963,1,2444
3964,M3964,4,15505
3965,N3965,1,3566
3966,O3966,4,16626
3967,P3967,1,4687
3968,Q3968,4,17747
3969,R3969,2,5808
3970,S3970,4,18868
3971,T3971,2,6929
3972,U3972,4,19989
3973,V3973,2,8051
3974,W3974,5,21111
3975,X3975,2,9172
3976,Y3976,5,22232
3977,Z3977,3,10293
3978,A3978,5,23353
3979,B3979,3,11414
3980,C3980,5,24474
3981,D3981,3,12535
3982,E3982,1,597
3983,F3983,3,13657
3984,G3984,1,1718
3985,H3985,3,14778
3986,I3986,1,2839
3987,J3987,4,15899
3988,K3988,1,3960
3989,L3989,4,17020
3990,M3990,2,5081
3991,N3991,4,18142
3992,O3992,2,6203
3993,P3993,4,19263
3994,Q3994,2,7324
3995,R3995,5,20384
3996,S3996,2,8445
3997,T3997,5,21505
3998,U3998,2,9566
3999,V3999,5,22626
4000,W4000,3,10688
4001,X4001,5,23748
4002,Y4002,3,11809
4003,Z4003,5,24869
4004,A4004,3,12930
4005,B4005,1,991
4006,C4006,3,14051
4007,D4007,1,2112
4008,E4008,4,15172
4009,F4009,1,3234
4010,G4010,4,16294
4011,H4011,1,4355
4012,I4012,4,17415
4013,J4013,2,5476
4014,K4014,4,18536
4015,L4015,2,6597
4016,M4016,4,19657
4017,N4017,2,7718
4018,O4018,5,20779
4019,P4019,2,8840
4020,Q4020,5,21900
4021,R4021,2,9961
4022,S4022,5,23021
4023,T4023,3,11082
4024,U4024,5,24142
4025,V4025,3,12203
4026,W4026,1,264
4027,X4027,3,13325
4028,Y4028,1,1386
4029,Z4029,3,14446
4030,A4030,1,2507
4031,B4031,4,15567
4032,C4032,1,3628
4033,D4033,4,16688
4034,E4034,1,4749
4035,F4035,4,17809
4036,G4036,2,5871
4037,H4037,4,18931
4038,I4038,2,6992
4039,J4039,5,20052
4040,K4040,2,8113
4041,L4041,5,21173
4042,M4042,2,9234
4043,N4043,5,22294
4044,O4044,3,10355
4045,P4045,5,23416
4046,Q4046,3,11477
4047,R4047,5,24537
4048,S4048,3,12598
4049,T4049,1,659
4050,U4050,3,13719
4051,V4051,1,1780
4052,W4052,3,14840
4053,X4053,1,2901
4054,Y4054,4,15962
4055,Z4055,1,4023
4056,A4056,4,17083
4057,B4057,2,5144
4058,C4058,4,18204
4059,D4059,2,6265
4060,E4060,4,19325
4061,F4061,2,7386
4062,G4062,5,20446
4063,H4063,2,8508
4064,I4064,5,21568
4065,J4065,2,9629
4066,K4066,5,22689
4067,L4067,3,10750
4068,M4068,5,23810
4069,N4069,3,11871
4070,O4070,5,24931
4071,P4071,3,12992
4072,Q4072,1,1054
4073,R4073,3,14114
4074,S4074,1,2175
4075,T4075,4,15235
4076,U4076,1,3296
4077,V4077,4,16356
4078,W4078,1,4417
4079,X4079,4,17477
4080,Y4080,2,5538
4081,Z4081,4,18599
4082,A4082,2,6660
4083,B4083,4,19720
4084,C4084,2,7781
4085,D4085,5,20841
4086,E4086,2,8902
4087,F4087,5,21962
4088,G4088,3,10023
4089,H4089,5,23083
4090,I4090,3,11145
4091,J4091,5,24205
4092,K4092,3,12266
4093,L4093,1,327
4094,M4094,3,13387
4095,N4095,1,1448
4096,O4096,3,14508
4097,P4097,1,2569
4098,Q4098,4,15629
4099,R4099,1,3691
4100,S4100,4,16751
4101,T4101,1,4812
4102,U4102,4,17872
4103,V4103,2,5933
4104,W4104,4,18993
4105,X4105,2,7054
4106,Y4106,5,20114
4107,Z4107,2,8175
4108,A4108,5,21235
4109,B4109,2,9297
4110,C4110,5,22357
4111,D4111,3,10418
4112,E4112,5,23478
4113,F4113,3,11539
4114,G4114,5,24599
4115,H4115,3,12660
4116,I4116,1,721
4117,J4117,3,13781
4118,K4118,1,1843
4119,L4119,3,14903
4120,M4120,1,2964
4121,N4121,4,16024
4122,O4122,1,4085
4123,P4123,4,17145
4124,Q4124,2,5206
4125,R4125,4,18266
4126,S4126,2,6327
4127,T4127,4,19388
4128,U4128,2,7449
4129,V4129,5,20509
4130,W4130,2,8570
4131,X4131,5,21630
4132,Y4132,2,9691
4133,Z4133,5,22751
4134,A4134,3,10812
4135,B4135,5,23872
4136,C4136,3,11934
4137,D4137,5,24994
4138,E4138,3,13055
4139,F4139,1,1116
4140,G4140,3,14176
4141,H4141,1,2237
4142,I4142,4,15297
4143,J4143,1,3358
4144,K4144,4,16418
4145,L4145,1,4480
4146,M4146,4,17540
4147,N4147,2,5601
4148,O4148,4,18661
4149,P4149,2,6722
4150,Q4150,4,19782
4151,R4151,2,7843
4152,S4152,5,20903
4153,T4153,2,8964
4154,U4154,5,22025
4155,V4155,3,10086
4156,W4156,5,23146
4157,X4157,3,11207
4158,Y4158,5,24267
4159,Z4159,3,12328
4160,A4160,1,389
4161,B4161,3,13449
4162,C4162,1,1510
4163,D4163,3,14571
4164,E4164,1,2632
4165,F4165,4,15692
4166,G4166,1,3753
4167,H4167,4,16813
4168,I4168,1,4874
4169,J4169,4,17934
4170,K4170,2,5995
4171,L4171,4,19055
4172,M4172,2,7117
4173,N4173,5,20177
4174,O4174,2,8238
4175,P4175,5,21298
4176,Q4176,2,9359
4177,R4177,5,22419
4178,S4178,3,10480
4179,T4179,5,23540
4180,U4180,3,11601
4181,V4181,5,24662
4182,W4182,3,12723
4183,X4183,1,784
4184,Y4184,3,13844
4185,Z4185,1,1905
4186,A4186,3,14965
4187,B4187,1,3026
4188,C4188,4,16086
4189,D4189,1,4147
4190,E4190,4,17208
4191,F4191,2,5269
4192,G4192,4,18329
4193,H4193,2,6390
4194,I4194,4,19450
4195,J4195,2,7511
4196,K4196,5,20571
4197,L4197,2,8632
4198,M4198,5,21692
4199,N4199,2,9754
4200,O4200,5,22814
4201,P4201,3,10875
4202,Q4202,5,23935
4203,R4203,3,11996
4204,S4204,1,57
4205,T4205,3,13117
4206,U4206,1,1178
4207,V4207,3,14238
4208,W4208,1,2300
4209,X4209,4,15360
4210,Y4210,1,3421
4211,Z4211,4,16481
4212,A4212,1,4542
4213,B4213,4,17602
4214,C4214,2,5663
4215,D4215,4,18723
4216,E4216,2,6784
4217,F4217,4,19845
4218,G4218,2,7906
4219,H4219,5,20966
4220,I4220,2,9027
4221,J4221,5,22087
4222,K4222,3,10148
4223,L4223,5,23208
4224,M4224,3,11269
4225,N4225,5,24329
4226,O4226,3,12391
4227,P4227,1,452
4228,Q4228,3,13512
4229,R4229,1,1573
4230,S4230,3,14633
4231,T4231,1,2694
4232,U4232,4,15754
4233,V4233,1,3815
4234,W4234,4,16875
4235,X4235,1,4937
4236,Y4236,4,17997
4237,Z4237,2,6058
4238,A4238,4,19118
4239,B4239,2,7179
4240,C4240,5,20239
4241,D4241,2,8300
4242,E4242,5,21360
4243,F4243,2,9421
4244,G4244,5,22482
4245,H4245,3,10543
4246,I4246,5,23603
4247,J4247,3,11664
4248,K4248,5,24724
4249,L4249,3,12785
4250,M4250,1,846
4251,N4251,3,13906
4252,O4252,1,1967
4253,P4253,4,15028
4254,Q4254,1,3089
4255,R4255,4,16149
4256,S4256,1,4210
4257,T4257,4,17270
4258,U4258,2,5331
4259,V4259,4,18391
4260,W4260,2,6452
4261,X4261,4,19512
4262,Y4262,2,7574
4263,Z4263,5,20634
4264,A4264,2,8695
4265,B4265,5,21755
4266,C4266,2,9816
4267,D4267,5,22876
4268,E4268,3,10937
4269,F4269,5,23997
4270,G4270,3,12058
4271,H4271,1,119
4272,I4272,3,13180
4273,J4273,1,1241
4274,K4274,3,14301
4275,L4275,1,2362
4276,M4276,4,15422
4277,N4277,1,3483
4278,O4278,4,16543
4279,P4279,1,4604
4280,Q4280,4,17664
4281,R4281,2,5726
4282,S4282,4,18786
4283,T4283,2,6847
4284,U4284,4,19907
4285,V4285,2,7968
4286,W4286,5,21028
4287,X4287,2,9089
4288,Y4288,5,22149
4289,Z4289,3,10210
4290,A4290,5,23271
4291,B4291,3,11332
4292,C4292,5,24392
4293,D4293,3,12453
4294,E4294,1,514
4295,F4295,3,13574
4296,G4296,1,1635
4297,H4297,3,14695
4298,I4298,1,2756
4299,J4299,4,15817
4300,K4300,1,3878
4301,L4301,4,16938
4302,M4302,1,4999
4303,N4303,4,18059
4304,O4304,2,6120
4305,P4305,4,19180
4306,Q4306,2,7241
4307,R4307,5,20301
4308,S4308,2,8363
4309,T4309,5,21423
4310,U4310,2,9484
4311,V4311,5,22544
4312,W4312,3,10605
4313,X4313,5,23665
4314,Y4314,3,11726
4315,Z4315,5,24786
4316,A4316,3,12847
4317,B4317,1,909
4318,C4318,3,13969
4319,D4319,1,2030
4320,E4320,4,15090
4321,F4321,1,3151
4322,G4322,4,16211
4323,H4323,1,4272
4324,I4324,4,17332
4325,J4325,2,5393
4326,K4326,4,18454
4327,L4327,2,6515
4328,M4328,4,19575
4329,N4329,2,7636
4330,O4330,5,20696
4331,P4331,2,8757
4332,Q4332,5,21817
4333,R4333,2,9878
4334,S4334,5,22938
4335,T4335,3,11000
4336,U4336,5,24060
4337,V4337,3,12121
4338,W4338,1,182
4339,X4339,3,13242
4340,Y4340,1,1303
4341,Z4341,3,14363
4342,A4342,1,2424
4343,B4343,4,15484
4344,C4344,1,3546
4345,D4345,4,16606
4346,E4346,1,4667
4347,F4347,4,17727
4348,G4348,2,5788
4349,H4349,4,18848
4350,I4350,2,6909
4351,J4351,4,19969
4352,K4352,2,8030
4353,L4353,5,21091
4354,M4354,2,9152
4355,N4355,5,22212
4356,O4356,3,10273
4357,P4357,5,23333
4358,Q4358,3,11394
4359,R4359,5,24454
4360,S4360,3,12515
4361,T4361,1,576
4362,U4362,3,13637
4363,V4363,1,1698
4364,W4364,3,14758
4365,X4365,1,2819
4366,Y4366,4,15879
4367,Z4367,1,3940
4368,A4368,4,17000
4369,B4369,2,5061
4370,C4370,4,18121
4371,D4371,2,6183
4372,E4372,4,19243
4373,F4373,2,7304
4374,G4374,5,20364
4375,H4375,2,8425
4376,I4376,5,21485
4377,J4377,2,9546
4378,K4378,5,22606
4379,L4379,3,10667
4380,M4380,5,23728
4381,N4381,3,11789
4382,O4382,5,24849
4383,P4383,3,12910
4384,Q4384,1,971
4385,R4385,3,14031
4386,S4386,1,2092
4387,T4387,4,15152
4388,U4388,1,3213
4389,V4389,4,16274
4390,W4390,1,4335
4391,X4391,4,17395
4392,Y4392,2,5456
4393,Z4393,4,18516
4394,A4394,2,6577
4395,B4395,4,19637
4396,C4396,2,7698
4397,D4397,5,20758
4398,E4398,2,8820
4399,F4399,5,21880
4400,G4400,2,9941
4401,H4401,5,23001
4402,I4402,3,11062
4403,J4403,5,24122
4404,K4404,3,12183
4405,L4405,1,244
4406,M4406,3,13304
4407,N4407,1,1366
4408,O4408,3,14426
4409,P4409,1,2487
4410,Q4410,4,15547
4411,R4411,1,3608
4412,S4412,4,16668
4413,T4413,1,4729
4414,U4414,4,17789
4415,V4415,2,5850
4416,W4416,4,18911
4417,X4417,2,6972
4418,Y4418,5,20032
4419,Z4419,2,8093
4420,A4420,5,21153
4421,B4421,2,9214
4422,C4422,5,22274
4423,D4423,3,10335
4424,E4424,5,23395
4425,F4425,3,11457
4426,G4426,5,24517
4427,H4427,3,12578
4428,I4428,1,639
4429,J4429,3,13699
4430,K4430,1,1760
4431,L4431,3,14820
4432,M4432,1,2881
4433,N4433,4,15941
4434,O4434,1,4002
4435,P4435,4,17063
4436,Q4436,2,5124
4437,R4437,4,18184
4438,S4438,2,6245
4439,T4439,4,19305
4440,U4440,2,7366
4441,V4441,5,20426
4442,W4442,2,8487
4443,X4443,5,21547
4444,Y4444,2,9609
4445,Z4445,5,22669
4446,A4446,3,10730
4447,B4447,5,23790
4448,C4448,3,11851
4449,D4449,5,24911
4450,E4450,3,12972
4451,F4451,1,1033
4452,G4452,3,14093
4453,H4453,1,2155
4454,I4454,4,15215
4455,J4455,1,3276
4456,K4456,4,16336
4457,L4457,1,4397
4458,M4458,4,17457
4459,N4459,2,5518
4460,O4460,4,18578
4461,P4461,2,6639
4462,Q4462,4,19700
4463,R4463,2,7761
4464,S4464,5,20821
4465,T4465,2,8882
4466,U4466,5,21942
4467,V4467,3,10003
4468,W4468,5,23063
4469,X4469,3,11124
4470,Y4470,5,24184
4471,Z4471,3,12246
4472,A4472,1,307
4473,B4473,3,13367
4474,C4474,1,1428
4475,D4475,3,14488
4476,E4476,1,2549
4477,F4477,4,15609
4478,G4478,1,3670
4479,H4479,4,16730
4480,I4480,1,4792
4481,J4481,4,17852
4482,K4482,2,5913
4483,L4483,4,18973
4484,M4484,2,7034
4485,N4485,5,20094
4486,O4486,2,8155
4487,P4487,5,21215
4488,Q4488,2,9276
4489,R4489,5,22337
4490,S4490,3,10398
4491,T4491,5,23458
4492,U4492,3,11519
4493,V4493,5,24579
4494,W4494,3,12640
4495,X4495,1,701
4496,Y4496,3,13761
4497,Z4497,1,1822
4498,A4498,3,14883
4499,B4499,1,2944
4500,C4500,4,16004
4501,D4501,1,4065
4502,E4502,4,17125
4503,F4503,2,5186
4504,G4504,4,18246
4505,H4505,2,6307
4506,I4506,4,19367
4507,J4507,2,7429
4508,K4508,5,20489
4509,L4509,2,8550
4510,M4510,5,21610
4511,N4511,2,9671
4512,O4512,5,22731
4513,P4513,3,10792
4514,Q4514,5,23852
4515,R4515,3,11913
4516,S4516,5,24974
4517,T4517,3,13035
4518,U4518,1,1096
4519,V4519,3,14156
4520,W4520,1,2217
4521,X4521,4,15277
4522,Y4522,1,3338
4523,Z4523,4,16398
4524,A4524,1,4459
4525,B4525,4,17520
4526,C4526,2,5581
4527,D4527,4,18641
4528,E4528,2,6702
4529,F4529,4,19762
4530,G4530,2,7823
4531,H4531,5,20883
4532,I4532,2,8944
4533,J4533,5,22004
4534,K4534,3,10066
4535,L4535,5,23126
4536,M4536,3,11187
4537,N4537,5,24247
4538,O4538,3,12308
4539,P4539,1,369
4540,Q4540,3,13429
4541,R4541,1,1490
4542,S4542,3,14550
4543,T4543,1,2612
4544,U4544,4,15672
4545,V4545,1,3733
4546,W4546,4,16793
4547,X4547,1,4854
4548,Y4548,4,17914
4549,Z4549,2,5975
4550,A4550,4,19035
4551,B4551,2,7096
4552,C4552,5,20157
4553,D4553,2,8218
4554,E4554,5,21278
4555,F4555,2,9339
4556,G4556,5,22399
4557,H4557,3,10460
4558,I4558,5,23520
4559,J4559,3,11581
4560,K4560,5,24641
4561,L4561,3,12703
4562,M4562,1,764
4563,N4563,3,13824
4564,O4564,1,1885
4565,P4565,3,14945
4566,Q4566,1,3006
4567,R4567,4,16066
4568,S4568,1,4127
4569,T4569,4,17187
4570,U4570,2,5249
4571,V4571,4,18309
4572,W4572,2,6370
4573,X4573,4,19430
4574,Y4574,2,7491
4575,Z4575,5,20551
4576,A4576,2,8612
4577,B4577,5,21672
4578,C4578,2,9733
4579,D4579,5,22794
4580,E4580,3,10855
4581,F4581,5,23915
4582,G4582,3,11976
4583,H4583,1,37
4584,I4584,3,13097
4585,J4585,1,1158
4586,K4586,3,14218
4587,L4587,1,2279
4588,M4588,4,15340
4589,N4589,1,3401
4590,O4590,4,16461
4591,P4591,1,4522
4592,Q4592,4,17582
4593,R4593,2,5643
4594,S4594,4,18703
4595,T4595,2,6764
4596,U4596,4,19824
4597,V4597,2,7885
4598,W4598,5,20946
4599,X4599,2,9007
4600,Y4600,5,22067
4601,Z4601,3,10128
4602,A4602,5,23188
4603,B4603,3,11249
4604,C4604,5,24309
4605,D4605,3,12370
4606,E4606,1,431
4607,F4607,3,13492
4608,G4608,1,1553
4609,H4609,3,14613
4610,I4610,1,2674
4611,J4611,4,15734
4612,K4612,1,3795
4613,L4613,4,16855
4614,M4614,1,4916
4615,N4615,4,17976
4616,O4616,2,6038
4617,P4617,4,19098
4618,Q4618,2,7159
4619,R4619,5,20219
4620,S4620,2,8280
4621,T4621,5,21340
4622,U4622,2,9401
4623,V4623,5,22461
4624,W4624,3,10522
4625,X4625,5,23583
4626,Y4626,3,11644
4627,Z4627,5,24704
4628,A4628,3,12765
4629,B4629,1,826
4630,C4630,3,13886
4631,D4631,1,1947
4632,E4632,4,15007
4633,F4633,1,3068
4634,G4634,4,16129
4635,H4635,1,4190
4636,I4636,4,17250
4637,J4637,2,5311
4638,K4638,4,18371
4639,L4639,2,6432
4640,M4640,4,19492
4641,N4641,2,7553
4642,O4642,5,20613
4643,P4643,2,8675
4644,Q4644,5,21735
4645,R4645,2,9796
4646,S4646,5,22856
4647,T4647,3,10917
4648,U4648,5,23977
4649,V4649,3,12038
4650,W4650,1,99
4651,X4651,3,13159
4652,Y4652,1,1221
4653,Z4653,3,14281
4654,A4654,1,2342
4655,B4655,4,15402
4656,C4656,1,3463
4657,D4657,4,16523
4658,E4658,1,4584
4659,F4659,4,17644
4660,G4660,2,5705
4661,H4661,4,18766
4662,I4662,2,6827
4663,J4663,4,19887
4664,K4664,2,7948
4665,L4665,5,21008
4666,M4666,2,9069
4667,N4667,5,22129
4668,O4668,3,10190
4669,P4669,5,23250
4670,Q4670,3,11312
4671,R4671,5,24372
4672,S4672,3,12433
4673,T4673,1,494
4674,U4674,3,13554
4675,V4675,1,1615
4676,W4676,3,14675
4677,X4677,1,2736
4678,Y4678,4,15796
4679,Z4679,1,3858
4680,A4680,4,16918
4681,B4681,1,4979
4682,C4682,4,18039
4683,D4683,2,6100
4684,E4684,4,19160
4685,F4685,2,7221
4686,G4686,5,20281
4687,H4687,2,8342
4688,I4688,5,21403
4689,J4689,2,9464
4690,K4690,5,22524
4691,L4691,3,10585
4692,M4692,5,23645
4693,N4693,3,11706
4694,O4694,5,24766
4695,P4695,3,12827
4696,Q4696,1,888
4697,R4697,3,13949
4698,S4698,1,2010
4699,T4699,4,15070
4700,U4700,1,3131
4701,V4701,4,16191
4702,W4702,1,4252
4703,X4703,4,17312
4704,Y4704,2,5373
4705,Z4705,4,18433
4706,A4706,2,6495
4707,B4707,4,19555
4708,C4708,2,7616
4709,D4709,5,20676
4710,E4710,2,8737
4711,F4711,5,21797
4712,G4712,2,9858
4713,H4713,5,22918
4714,I4714,3,10979
4715,J4715,5,24040
4716,K4716,3,12101
4717,L4717,1,162
4718,M4718,3,13222
4719,N4719,1,1283
4720,O4720,3,14343
4721,P4721,1,2404
4722,Q4722,4,15464
4723,R4723,1,3525
4724,S4724,4,16586
4725,T4725,1,4647
4726,U4726,4,17707
4727,V4727,2,5768
4728,W4728,4,18828
4729,X4729,2,6889
4730,Y4730,4,19949
4731,Z4731,2,8010
4732,A4732,5,21070
4733,B4733,2,9132
4734,C4734,5,22192
4735,D4735,3,10253
4736,E4736,5,23313
4737,F4737,3,11374
4738,G4738,5,24434
4739,H4739,3,12495
4740,I4740,1,556
4741,J4741,3,13616
4742,K4742,1,1678
4743,L4743,3,14738
4744,M4744,1,2799
4745,N4745,4,15859
4746,O4746,1,3920
4747,P4747,4,16980
4748,Q4748,2,5041
4749,R4749,4,18101
4750,S4750,2,6162
4751,T4751,4,19223
4752,U4752,2,7284
4753,V4753,5,20344
4754,W4754,2,8405
4755,X4755,5,21465
4756,Y4756,2,9526
4757,Z4757,5,22586
4758,A4758,3,10647
4759,B4759,5,23707
4760,C4760,3,11768
4761,D4761,5,24829
4762,E4762,3,12890
4763,F4763,1,951
4764,G4764,3,14011
4765,H4765,1,2072
4766,I4766,4,15132
4767,J4767,1,3193
4768,K4768,4,16253
4769,L4769,1,4314
4770,M4770,4,17375
4771,N4771,2,5436
4772,O4772,4,18496
4773,P4773,2,6557
4774,Q4774,4,19617
4775,R4775,2,7678
4776,S4776,5,20738
4777,T4777,2,8799
4778,U4778,5,21859
4779,V4779,2,9921
4780,W4780,5,22981
4781,X4781,3,11042
4782,Y4782,5,24102
4783,Z4783,3,12163
4784,A4784,1,224
4785,B4785,3,13284
4786,C4786,1,1345
4787,D4787,3,14405
4788,E4788,1,2467
4789,F4789,4,15527
4790,G4790,1,3588
4791,H4791,4,16648
4792,I4792,1,4709
4793,J4793,4,17769
4794,K4794,2,5830
4795,L4795,4,18890
4796,M4796,2,6951
4797,N4797,5,20012
4798,O4798,2,8073
4799,P4799,5,21133
4800,Q4800,2,9194
4801,R4801,5,22254
4802,S4802,3,10315
4803,T4803,5,23375
4804,U4804,3,11436
4805,V4805,5,24496
4806,W4806,3,12558
4807,X4807,1,619
4808,Y4808,3,13679
4809,Z4809,1,1740
4810,A4810,3,14800
4811,B4811,1,2861
4812,C4812,4,15921
4813,D4813,1,3982
4814,E4814,4,17042
4815,F4815,2,5104
4816,G4816,4,18164
4817,H4817,2,6225
4818,I4818,4,19285
4819,J4819,2,7346
4820,K4820,5,20406
4821,L4821,2,8467
4822,M4822,5,21527
4823,N4823,2,9588
4824,O4824,5,22649
4825,P4825,3,10710
4826,Q4826,5,23770
4827,R4827,3,11831
4828,S4828,5,24891
4829,T4829,3,12952
4830,U4830,1,1013
4831,V4831,3,14073
4832,W4832,1,2134
4833,X4833,4,15195
4834,Y4834,1,3256
4835,Z4835,4,16316
4836,A4836,1,4377
4837,B4837,4,17437
4838,C4838,2,5498
4839,D4839,4,18558
4840,E4840,2,6619
4841,F4841,4,19679
4842,G4842,2,7741
4843,H4843,5,20801
4844,I4844,2,8862
4845,J4845,5,21922
4846,K4846,2,9983
4847,L4847,5,23043
4848,M4848,3,11104
4849,N4849,5,24164
4850,O4850,3,12225
4851,P4851,1,287
4852,Q4852,3,13347
4853,R4853,1,1408
4854,S4854,3,14468
4855,T4855,1,2529
4856,U4856,4,15589
4857,V4857,1,3650
4858,W4858,4,16710
4859,X4859,1,4771
4860,Y4860,4,17832
4861,Z4861,2,5893
4862,A4862,4,18953
4863,B4863,2,7014
4864,C4864,5,20074
4865,D4865,2,8135
4866,E4866,5,21195
4867,F4867,2,9256
4868,G4868,5,22316
4869,H4869,3,10378
4870,I4870,5,23438
4871,J4871,3,11499
4872,K4872,5,24559
4873,L4873,3,12620
4874,M4874,1,681
4875,N4875,3,13741
4876,O4876,1,1802
4877,P4877,3,14862
4878,Q4878,1,2924
4879,R4879,4,15984
4880,S4880,1,4045
4881,T4881,4,17105
4882,U4882,2,5166
4883,V4883,4,18226
4884,W4884,2,6287
4885,X4885,4,19347
4886,Y4886,2,7408
4887,Z4887,5,20469
4888,A4888,2,8530
4889,B4889,5,21590
4890,C4890,2,9651
4891,D4891,5,22711
4892,E4892,3,10772
4893,F4893,5,23832
4894,G4894,3,11893
4895,H4895,5,24953
4896,I4896,3,13015
4897,J4897,1,1076
4898,K4898,3,14136
4899,L4899,1,2197
4900,M4900,4,15257
4901,N4901,1,3318
4902,O4902,4,16378
4903,P4903,1,4439
4904,Q4904,4,17499
4905,R4905,2,5561
4906,S4906,4,18621
4907,T4907,2,6682
4908,U4908,4,19742
4909,V4909,2,7803
4910,W4910,5,20863
4911,X4911,2,8924
4912,Y4912,5,21984
4913,Z4913,3,10045
4914,A4914,5,23106
4915,B4915,3,11167
4916,C4916,5,24227
4917,D4917,3,12288
4918,E4918,1,349
4919,F4919,3,13409
4920,G4920,1,1470
4921,H4921,3,14530
4922,I4922,1,2591
4923,J4923,4,15651
4924,K4924,1,3713
4925,L4925,4,16773
4926,M4926,1,4834
4927,N4927,4,17894
4928,O4928,2,5955
4929,P4929,4,19015
4930,Q4930,2,7076
4931,R4931,5,20136
4932,S4932,2,8197
4933,T4933,5,21258
4934,U4934,2,9319
4935,V4935,5,22379
4936,W4936,3,10440
4937,X4937,5,23500
4938,Y4938,3,11561
4939,Z4939,5,24621
4940,A4940,3,12682
4941,B4941,1,743
4942,C4942,3,13804
4943,D4943,1,1865
4944,E4944,3,14925
4945,F4945,1,2986
4946,G4946,4,16046
4947,H4947,1,4107
4948,I4948,4,17167
4949,J4949,2,5228
4950,K4950,4,18288
4951,L4951,2,6350
4952,M4952,4,19410
4953,N4953,2,7471
4954,O4954,5,20531
4955,P4955,2,8592
4956,Q4956,5,21652
4957,R4957,2,9713
4958,S4958,5,22773
4959,T4959,3,10834
4960,U4960,5,23895
4961,V4961,3,11956
4962,W4962,1,17
4963,X4963,3,13077
4964,Y4964,1,1138
4965,Z4965,3,14198
4966,A4966,1,2259
4967,B4967,4,15319
4968,C4968,1,3380
4969,D4969,4,16441
4970,E4970,1,4502
4971,F4971,4,17562
4972,G4972,2,5623
4973,H4973,4,18683
4974,I4974,2,6744
4975,J4975,4,19804
4976,K4976,2,7865
4977,L4977,5,20925
4978,M4978,2,8987
4979,N4979,5,22047
4980,O4980,3,10108
4981,P4981,5,23168
4982,Q4982,3,11229
4983,R4983,5,24289
4984,S4984,3,12350
4985,T4985,1,411
4986,U4986,3,13471
4987,V4987,1,1533
4988,W4988,3,14593
4989,X4989,1,2654
4990,Y4990,4,15714
4991,Z4991,1,3775
4992,A4992,4,16835
4993,B4993,1,4896
4994,C4994,4,17956
4995,D4995,2,6017
4996,E4996,4,19078
4997,F4997,2,7139
4998,G4998,5,20199
4999,H4999,2,8260
