ALG,GATES,PLANES,TIME
FCFS,1,4,68.83333333
FCFS,5,13,120.9565217
FCFS,2,14,127
FCFS,6,5,85
FCFS,3,7,91.9
FCFS,7,22,168.7777778
FCFS,2,9,103.1666667
FCFS,8,12,114.0909091
FCFS,9,18,149.3
FCFS,5,6,80.5
FCFS,5,24,182.3043478
FCFS,5,20,154.7692308
FCFS,4,14,127.826087
FCFS,5,7,85.375
FCFS,6,12,118.8235294
FCFS,8,14,125.3333333
FCFS,6,18,152.6363636
FCFS,9,5,73.63636364
FCFS,6,2,45.35294118
FCFS,8,4,69
FCFS,3,2,45.93333333
FCFS,2,2,51
FCFS,5,21,150.5
FCFS,4,20,154.35
FCFS,1,22,151.875
FCFS,1,18,129.5882353
FCFS,2,17,147
FCFS,5,16,131.25
FCFS,8,12,116.75
FCFS,7,21,163.5
FCFS,4,18,148.8095238
FCFS,2,18,148.875
FCFS,4,24,195.4
FCFS,7,1,42.4
FCFS,9,16,139.25
FCFS,3,4,76.625
FCFS,4,1,38.4
FCFS,5,23,173.3125
FCFS,4,12,118.25
FCFS,6,22,169.15
FCFS,1,11,101.9090909
FCFS,1,23,154.9444444
FCFS,2,17,144.0869565
FCFS,7,13,123.9130435
FCFS,6,21,167.6
FCFS,1,21,146.0833333
FCFS,4,13,122.0666667
FCFS,8,20,157.5
FCFS,8,5,76.2
FCFS,3,1,36.56521739
FCFS,1,9,91.61111111
FCFS,6,24,179.75
FCFS,7,14,130.8125
FCFS,5,9,96.61904762
FCFS,5,22,156
FCFS,1,1,31.33333333
FCFS,6,4,66.55
FCFS,4,5,75.3
FCFS,6,23,173
FCFS,7,9,99.6
FCFS,7,24,179.8571429
FCFS,2,5,78.47826087
FCFS,8,20,160.8333333
FCFS,3,21,153.6666667
FCFS,2,19,153.4444444
FCFS,9,10,100.5909091
FCFS,2,20,160.3333333
FCFS,8,4,65.66666667
FCFS,2,8,107.3125
FCFS,1,15,118.625
FCFS,3,11,119.0416667
FCFS,4,14,131.6363636
FCFS,7,5,70.47368421
FCFS,3,22,171.5555556
FCFS,3,18,151
FCFS,5,2,47.55555556
FCFS,5,8,88.16666667
FCFS,5,21,159.2941176
FCFS,8,14,127.2666667
FCFS,8,8,90.95
FCFS,2,2,51.66666667
FCFS,4,3,57.6
FCFS,2,11,149
FCFS,3,4,69.47368421
FCFS,9,24,181.1666667
FCFS,4,12,115.6086957
FCFS,3,7,88.71428571
FCFS,3,11,121.5882353
FCFS,6,8,100.0769231
FCFS,1,8,84.61111111
FCFS,8,23,172.1428571
FCFS,8,9,99.76190476
FCFS,6,10,110
FCFS,6,9,99.22727273
FCFS,2,11,108.1428571
FCFS,8,11,112.25
FCFS,1,16,116.3333333
FCFS,1,7,86.2
FCFS,6,7,88.53333333
FCFS,8,8,91.5
FCFS,1,8,88.15
FCFS,2,5,73
FCFS,6,10,99.44444444
FCFS,1,22,147.6666667
FCFS,9,17,143.1904762
FCFS,9,11,109.5625
FCFS,8,5,74.25
FCFS,6,3,56
FCFS,7,5,71.5
FCFS,1,7,77.7
FCFS,1,4,64.33333333
FCFS,1,3,55.94736842
FCFS,3,4,65.84615385
FCFS,1,23,155.375
FCFS,7,12,108.8333333
FCFS,6,14,125.0833333
FCFS,8,24,170.6666667
FCFS,2,18,141.6666667
FCFS,2,3,67.69565217
FCFS,1,5,71.81818182
FCFS,2,14,128.25
FCFS,7,21,159
FCFS,6,2,46
FCFS,3,3,61
FCFS,3,5,71.27777778
FCFS,6,13,126.1
FCFS,6,24,177.6818182
FCFS,3,18,154.3333333
FCFS,4,15,130.8
FCFS,1,20,136.0434783
FCFS,9,2,50.80952381
FCFS,4,12,114
FCFS,6,16,137.2272727
FCFS,5,23,169
FCFS,8,6,75
FCFS,5,21,166.2142857
FCFS,6,3,57.68181818
FCFS,2,14,130.9285714
FCFS,8,9,97.72727273
FCFS,3,10,104.5238095
FCFS,3,3,53.11111111
FCFS,1,1,30.85714286
FCFS,7,13,119.4444444
FCFS,8,23,171.1428571
FCFS,1,22,146.7916667
FCFS,5,3,61.66666667
FCFS,7,16,126
FCFS,7,2,47.42857143
FCFS,5,7,87.36363636
FCFS,1,19,136.7894737
FCFS,3,1,36.21428571
FCFS,8,16,137.8888889
FCFS,2,11,118
FCFS,4,5,76
FCFS,2,2,50.55
FCFS,6,14,121.8235294
FCFS,3,8,90.25
FCFS,7,11,113.25
FCFS,1,13,108
FCFS,7,4,66.42857143
FCFS,7,15,127.9166667
FCFS,9,7,86.06666667
FCFS,3,16,138.5
FCFS,7,21,156.5
FCFS,5,14,127.2222222
FCFS,9,1,43.9
FCFS,7,18,150
FCFS,5,15,131.1904762
FCFS,6,7,86.71428571
FCFS,2,21,160.6923077
FCFS,3,17,146.952381
FCFS,6,9,92.18181818
FCFS,8,6,75.4
FCFS,9,2,53.71428571
FCFS,4,1,38.63636364
FCFS,9,24,171.6428571
FCFS,5,4,62
FCFS,4,1,36
FCFS,1,15,123
FCFS,9,18,142.7142857
FCFS,8,3,60.22222222
FCFS,2,8,113.3333333
FCFS,2,23,166
FCFS,8,20,158.6363636
FCFS,6,7,89.16666667
FCFS,6,11,108.7368421
FCFS,3,8,86
FCFS,7,7,93.76470588
FCFS,7,20,157.2666667
FCFS,7,10,102.952381
FCFS,5,9,97.57142857
FCFS,9,23,181.3684211
FCFS,7,8,92.75
FCFS,1,4,59.57142857
FCFS,3,9,104.6111111
FCFS,7,20,161.2352941
FCFS,2,7,99.57894737
FCFS,4,5,74
FCFS,8,16,137.2941176
FCFS,5,12,120.5
FCFS,5,14,128.6666667
FCFS,5,8,96.54545455
FCFS,4,11,120.375
FCFS,2,15,138.5294118
FCFS,2,20,153.4545455
FCFS,9,24,181.8333333
FCFS,9,23,172.1
FCFS,2,2,50.56521739
FCFS,2,4,80.71428571
FCFS,3,3,80
FCFS,8,2,47.75
FCFS,6,19,157.5
FCFS,1,7,80.69230769
FCFS,4,10,109.8571429
FCFS,6,2,49.63636364
FCFS,4,13,117
FCFS,7,11,105.7142857
FCFS,6,17,145.3181818
FCFS,5,14,123.0714286
FCFS,2,21,158.2
FCFS,4,7,91.375
FCFS,5,14,130.3333333
FCFS,1,19,137.4444444
FCFS,7,18,152.6666667
FCFS,5,14,126.2857143
FCFS,9,12,114.4285714
FCFS,6,14,122.2307692
FCFS,6,19,153.5263158
FCFS,4,6,81
FCFS,2,15,141
FCFS,5,3,45
FCFS,1,13,111.5909091
FCFS,5,9,100.5
FCFS,7,16,141
FCFS,7,17,138.375
FCFS,2,2,56
FCFS,1,24,158
FCFS,3,22,174
FCFS,5,13,123
FCFS,4,13,126.2222222
FCFS,2,4,83.8
FCFS,6,14,131.0952381
FCFS,1,23,150.5
FCFS,2,13,128.1818182
FCFS,9,11,114.3333333
FCFS,1,12,104.3478261
FCFS,2,13,121.5454545
FCFS,6,5,71.16666667
FCFS,3,13,128
FCFS,9,11,112.5
FCFS,8,8,94.06666667
FCFS,5,22,176.4
FCFS,1,12,106.7857143
FCFS,2,19,144.6666667
FCFS,4,16,142.6666667
FCFS,5,2,48.45454545
FCFS,1,14,109.7
FCFS,9,20,158.3636364
FCFS,9,23,166.2
FCFS,1,17,128.0714286
FCFS,5,2,46.3
FCFS,2,21,173.5
FCFS,5,7,89
FCFS,9,9,94.33333333
FCFS,7,19,155.0833333
FCFS,5,4,75
FCFS,5,6,86.5
FCFS,8,19,154.3888889
FCFS,5,4,65.72727273
FCFS,9,1,44.9
FCFS,7,24,180.5
FCFS,7,18,155
FCFS,8,2,50.46666667
FCFS,7,14,129.3333333
FCFS,2,1,36.45833333
FCFS,1,11,99.5
FCFS,8,4,65.5
FCFS,5,10,100.3636364
FCFS,3,16,140.0666667
FCFS,7,4,68.0625
FCFS,3,13,126.1176471
FCFS,4,20,156.3076923
FCFS,1,23,157.8333333
FCFS,1,11,97
FCFS,6,23,169.3157895
FCFS,8,19,149.7647059
FCFS,7,20,156.6875
FCFS,8,15,129
FCFS,6,4,63.2
FCFS,1,11,100.7142857
FCFS,9,24,172.2727273
FCFS,1,13,100.3333333
FCFS,2,11,113.4166667
FCFS,5,21,165.6
FCFS,7,5,73.66666667
FCFS,5,16,132.9444444
FCFS,8,23,167.65
FCFS,3,24,175.3333333
FCFS,9,6,80.33333333
FCFS,7,9,101.6
FCFS,5,23,177.4761905
FCFS,5,14,124.5217391
FCFS,4,16,147.2
FCFS,4,5,79.4
FCFS,9,21,160.4
FCFS,4,12,114.8
FCFS,5,11,103.8
FCFS,5,11,114
FCFS,9,23,170.1666667
FCFS,3,3,59.57142857
FCFS,1,3,58.25
FCFS,9,24,174.4615385
FCFS,6,2,46.875
FCFS,1,14,111
FCFS,7,6,72.5
FCFS,2,22,163
FCFS,7,20,153.6666667
FCFS,9,5,74.53846154
FCFS,5,19,159.8
FCFS,6,17,163
FCFS,5,15,130.75
FCFS,1,11,106.3333333
FCFS,9,2,49.85714286
FCFS,4,6,80
FCFS,9,23,170.3157895
FCFS,3,1,35.41666667
FCFS,1,18,130.6666667
FCFS,3,6,85.38095238
FCFS,9,16,134.3571429
FCFS,2,8,101.4
FCFS,4,23,174.1818182
FCFS,9,19,156
FCFS,7,24,177.0833333
FCFS,8,6,81.17647059
FCFS,6,7,89.33333333
FCFS,3,19,146.125
FCFS,7,18,147.7916667
FCFS,9,8,94.85714286
FCFS,4,15,129.8571429
FCFS,8,14,126.8333333
FCFS,7,3,52.25
FCFS,3,16,136.1764706
FCFS,2,19,136
FCFS,1,24,157.2608696
FCFS,5,1,38.90909091
FCFS,9,16,140.6666667
FCFS,8,6,82.05555556
FCFS,6,5,74.125
FCFS,6,5,74.08333333
FCFS,2,11,116.7
FCFS,4,6,83.06666667
FCFS,2,13,126.6956522
FCFS,6,13,109
FCFS,9,6,82.375
FCFS,7,2,47
FCFS,3,20,166.5
FCFS,9,9,95.36363636
FCFS,3,12,112
FCFS,9,13,125.2608696
FCFS,5,6,76.66666667
FCFS,3,16,142
FCFS,7,9,94
FCFS,5,13,121.8666667
FCFS,2,4,77.22222222
FCFS,9,10,99.5
FCFS,2,14,132.3181818
FCFS,4,18,150.45
FCFS,1,24,160.7777778
FCFS,7,5,69.83333333
FCFS,1,1,32.33333333
FCFS,3,21,158.1428571
FCFS,6,17,147.25
FCFS,7,2,47.88235294
FCFS,3,3,57
FCFS,2,3,63.61111111
FCFS,1,2,44.45
FCFS,9,2,51.625
FCFS,5,11,113.1578947
FCFS,7,7,89
FCFS,2,20,162.4285714
FCFS,5,13,122.25
FCFS,3,3,62.53846154
FCFS,7,4,69.14285714
FCFS,5,6,77.27272727
FCFS,6,19,155.3
FCFS,8,15,129.3333333
FCFS,2,10,115.3333333
FCFS,9,19,152.2941176
FCFS,4,12,127.3333333
FCFS,4,2,45.47368421
FCFS,3,10,109.7272727
FCFS,6,1,40.33333333
FCFS,9,6,83
FCFS,9,23,170.4545455
FCFS,8,22,173.6666667
FCFS,6,9,95
FCFS,6,1,40.71428571
FCFS,4,11,116
FCFS,7,8,113
FCFS,6,11,109.8571429
FCFS,1,2,49.40909091
FCFS,8,14,129.4285714
FCFS,7,20,162.4285714
FCFS,4,8,93
FCFS,5,23,175.0454545
FCFS,8,9,100.5
FCFS,2,17,149.3333333
FCFS,1,23,152.2631579
FCFS,9,2,51.05
FCFS,7,15,127.9047619
FCFS,8,6,82.95238095
FCFS,8,1,42.8
FCFS,4,2,46.55
FCFS,5,4,54
FCFS,7,20,156.5909091
FCFS,5,23,169.4285714
FCFS,9,19,154.8695652
FCFS,7,12,113.1428571
FCFS,2,3,65.33333333
FCFS,5,12,115.5
FCFS,3,11,114.2380952
FCFS,1,4,66.04166667
FCFS,8,13,126.0714286
FCFS,3,10,110.7333333
FCFS,5,2,44.92307692
FCFS,2,21,160.4285714
FCFS,2,14,130.125
FCFS,8,22,162.6363636
FCFS,7,1,41.26315789
FCFS,9,22,169.5
FCFS,6,19,152.5
FCFS,7,5,68.57142857
FCFS,6,23,177.5
FCFS,4,17,146.6875
FCFS,4,9,99.9375
FCFS,4,8,93.35294118
FCFS,3,22,164
FCFS,9,18,161
FCFS,5,11,109.2222222
FCFS,2,6,84
FCFS,6,12,114.4444444
FCFS,6,21,167.0869565
FCFS,8,16,143.1764706
FCFS,9,7,87
FCFS,8,17,137.1666667
FCFS,6,20,159.6470588
FCFS,7,3,58
FCFS,9,21,169.5
FCFS,1,17,123
FCFS,7,12,108.875
FCFS,7,22,167.1666667
FCFS,3,7,87.38461538
FCFS,5,17,143.3
FCFS,7,24,173.5263158
FCFS,6,10,104
FCFS,1,14,108.25
FCFS,6,17,142
FCFS,2,1,36.34782609
FCFS,6,2,46.36363636
FCFS,2,7,92.25
FCFS,2,2,49.86666667
FCFS,4,15,133.3333333
FCFS,4,23,171
FCFS,2,22,158.8
FCFS,1,16,109.3333333
FCFS,5,18,154
FCFS,2,10,111.625
FCFS,8,13,123.0833333
FCFS,8,7,80.75
FCFS,3,2,45.28571429
FCFS,4,4,68.1875
FCFS,9,5,72.25
FCFS,8,11,108.7692308
FCFS,6,2,46.28571429
FCFS,8,12,118.1875
FCFS,4,21,165.1538462
FCFS,3,10,113
FCFS,8,8,89.33333333
FCFS,5,15,137
FCFS,3,24,163.125
FCFS,8,16,131.6153846
FCFS,7,24,175.75
FCFS,5,20,162.7647059
FCFS,3,13,119.75
FCFS,3,2,48.64705882
FCFS,1,9,92.92307692
FCFS,4,16,148
FCFS,6,14,123.5833333
FCFS,8,13,122.1304348
FCFS,6,7,89.71428571
FCFS,5,5,75.3
FCFS,4,18,161.4166667
FCFS,5,12,116.0555556
FCFS,1,20,129
FCFS,9,22,166.7391304
FCFS,3,11,122
FCFS,3,13,130.2857143
FCFS,4,7,83.41666667
FCFS,1,2,45.45454545
FCFS,5,6,78
FCFS,5,4,65.17391304
FCFS,3,18,151.5454545
FCFS,4,6,82.1
FCFS,9,20,160.0454545
FCFS,8,1,42.64285714
FCFS,6,14,122.6
FCFS,1,22,147.7894737
FCFS,7,24,181.1428571
FCFS,9,23,172
FCFS,6,15,136.3333333
FCFS,3,13,117.75
FCFS,7,3,47
FCFS,2,1,36.16666667
FCFS,2,6,87.92857143
FCFS,7,17,141.1363636
FCFS,3,23,172.1111111
FCFS,5,12,119.4285714
FCFS,4,12,127.5454545
FCFS,2,9,101.3333333
FCFS,8,14,123.15
FCFS,6,18,142.6363636
FCFS,3,14,128.2352941
FCFS,9,13,120.2941176
FCFS,5,22,165.25
FCFS,7,5,72.69230769
FCFS,3,17,144.4545455
FCFS,9,24,192
FCFS,2,14,128.2
FCFS,1,22,150.5
FCFS,8,16,140.5714286
FCFS,5,17,145
FCFS,5,4,62.75
FCFS,2,6,88.21428571
FCFS,4,17,148.8181818
FCFS,6,10,98.1
FCFS,3,23,176.875
FCFS,7,12,118.1176471
FCFS,6,19,156.1904762
FCFS,2,20,153.6190476
FCFS,7,13,117.3846154
FCFS,8,20,158.2857143
FCFS,2,15,132.6666667
FCFS,1,6,72
FCFS,5,9,91
FCFS,3,14,132.6
FCFS,2,6,91.07142857
FCFS,9,4,62.61538462
FCFS,2,5,82.27777778
FCFS,9,17,151.3333333
FCFS,3,12,124.9047619
FCFS,7,1,42.5
FCFS,8,5,76.90909091
FCFS,8,7,87.85714286
FCFS,7,22,171.3333333
FCFS,1,13,111
FCFS,2,16,133.8333333
FCFS,6,7,89
FCFS,4,24,180
FCFS,6,13,120.4444444
FCFS,9,1,45.5
FCFS,7,6,77.42857143
FCFS,4,21,164.8333333
FCFS,4,18,152.8421053
FCFS,9,24,179.0909091
FCFS,3,5,90.125
FCFS,7,12,113.1428571
FCFS,1,22,140.3333333
FCFS,2,14,134.8823529
FCFS,1,7,83.26315789
FCFS,6,18,148.25
FCFS,3,23,176.4285714
FCFS,7,2,49.81818182
FCFS,6,13,120.2083333
FCFS,9,12,111.1111111
FCFS,3,21,168.8
FCFS,8,18,147
FCFS,1,11,100.5
FCFS,2,13,129.4782609
FCFS,6,15,123.1904762
FCFS,6,23,174.7142857
FCFS,9,12,117.5
FCFS,1,5,70.10526316
FCFS,1,11,102.1666667
FCFS,9,7,90.61538462
FCFS,4,9,114.5
FCFS,7,22,174.5
FCFS,5,4,67.04545455
FCFS,3,4,67.8
FCFS,4,8,94.8
FCFS,5,1,38.25
FCFS,6,11,113.5
FCFS,9,10,107
FCFS,7,2,48.90909091
FCFS,3,22,175.7142857
FCFS,2,15,128.3333333
FCFS,2,22,138
FCFS,7,18,146.7058824
FCFS,8,16,134
FCFS,3,3,48.5
FCFS,8,4,67.33333333
FCFS,4,14,129.125
FCFS,8,12,121.0666667
FCFS,9,1,45.66666667
FCFS,8,6,79.63636364
FCFS,3,16,147
FCFS,5,12,114.8571429
FCFS,4,12,112.3333333
FCFS,3,11,117.8333333
FCFS,8,4,69.4
FCFS,3,24,181.6842105
FCFS,8,5,70.94117647
FCFS,3,16,134.45
FCFS,2,3,65.40909091
FCFS,8,18,149.5
FCFS,5,7,84.5
FCFS,1,21,143.3333333
FCFS,6,20,157.3846154
FCFS,6,15,130.5263158
FCFS,1,10,88.58333333
FCFS,3,20,150.6666667
FCFS,1,15,131
FCFS,1,18,131.5882353
FCFS,1,6,72.625
FCFS,4,9,99.08695652
FCFS,7,20,153.8
FCFS,2,1,37
FCFS,3,24,179.3684211
FCFS,2,7,101
FCFS,6,23,173
FCFS,3,9,111.3333333
FCFS,3,20,158.3333333
FCFS,2,6,91.3
FCFS,5,14,124.7619048
FCFS,6,21,170.1538462
FCFS,5,14,129
FCFS,8,9,96
FCFS,4,23,171
FCFS,8,8,94.40909091
FCFS,3,8,95
FCFS,8,1,43.76190476
FCFS,9,18,146.6
FCFS,5,18,148.3157895
FCFS,6,15,129.5
FCFS,5,17,137.6
FCFS,1,7,85.70588235
FCFS,7,19,152.25
FCFS,6,10,108.3888889
FCFS,4,8,92.36842105
FCFS,5,8,93.28571429
FCFS,9,18,147.8333333
FCFS,5,24,179.85
FCFS,2,3,67.83333333
FCFS,8,6,80.11111111
FCFS,7,5,73.04347826
FCFS,3,7,80.5
FCFS,1,6,74.04545455
FCFS,5,10,106.2222222
FCFS,6,3,59.625
FCFS,4,15,133.1666667
FCFS,5,22,168.25
FCFS,8,14,126.5
FCFS,7,20,154.75
FCFS,2,24,170.173913
FCFS,5,22,172.2083333
FCFS,2,20,147.3333333
FCFS,1,14,112.4285714
FCFS,1,24,154
FCFS,4,19,154.3636364
FCFS,8,4,62.1
FCFS,5,12,119.1818182
FCFS,3,7,89.83333333
FCFS,6,22,173.9
FCFS,5,15,132.7272727
FCFS,3,23,173
FCFS,5,19,154.7727273
FCFS,3,20,159.7083333
FCFS,1,10,98.72727273
FCFS,9,7,91.77777778
FCFS,8,15,139.8
FCFS,6,6,78.07692308
FCFS,5,2,46.5
FCFS,6,6,81.11764706
FCFS,9,11,104.3333333
FCFS,9,24,180.2142857
FCFS,1,16,124.2857143
FCFS,9,13,121.6
FCFS,4,10,103.2380952
FCFS,1,12,102.7857143
FCFS,9,9,99.2
FCFS,3,1,35
FCFS,4,9,97.3
FCFS,8,18,145.8
FCFS,5,5,70.9
FCFS,4,19,153.5238095
FCFS,4,22,172.5
FCFS,6,19,141.25
FCFS,1,15,114.1904762
FCFS,8,17,140.95
FCFS,6,7,86.75
FCFS,8,8,96.55555556
FCFS,5,20,155.4375
FCFS,6,18,151.3125
FCFS,9,18,146.4615385
FCFS,3,24,174.4
FCFS,6,24,180.1818182
FCFS,6,5,73.58333333
FCFS,6,6,80
FCFS,4,14,127.5555556
FCFS,7,1,43.8
FCFS,5,13,121.1428571
FCFS,9,11,112.7142857
FCFS,9,6,84.5625
FCFS,2,18,148.6956522
FCFS,1,16,118.6
FCFS,6,16,132.1764706
FCFS,7,9,98
FCFS,1,9,92.4
FCFS,1,17,122
FCFS,3,7,90.14285714
FCFS,7,12,127
FCFS,3,23,177.1304348
FCFS,6,23,168.4615385
FCFS,7,19,154.2727273
FCFS,4,2,47.625
FCFS,6,21,166.1
FCFS,9,17,145.3571429
FCFS,6,11,112.75
FCFS,2,9,106.9166667
FCFS,7,7,90
FCFS,9,10,106.05
FCFS,3,22,173.7368421
FCFS,7,22,169
FCFS,7,5,73.3
FCFS,6,8,77
FCFS,3,14,129.375
FCFS,8,15,132.8823529
FCFS,6,18,152.6666667
FCFS,1,6,72.42857143
FCFS,6,24,180
FCFS,7,4,64.5
FCFS,4,15,132.9047619
FCFS,2,22,162.7
FCFS,9,23,167
FCFS,5,18,146.6521739
FCFS,1,20,148.1666667
FCFS,8,1,44.5
FCFS,6,17,143.0909091
FCFS,6,9,98.82608696
FCFS,7,12,119.3
FCFS,9,11,103.3333333
FCFS,1,19,134.3333333
FCFS,7,5,89
FCFS,6,4,64.5
FCFS,7,13,129.25
FCFS,9,13,121
FCFS,4,1,40
FCFS,9,24,173.2173913
FCFS,5,5,72.52631579
FCFS,3,23,200
FCFS,4,11,113.2105263
FCFS,5,23,174.9166667
FCFS,9,21,165
FCFS,6,6,79.46153846
FCFS,8,22,169.1
FCFS,2,18,144.2
FCFS,8,3,60.43478261
FCFS,4,9,99.47058824
FCFS,5,8,93.85714286
FCFS,6,8,90.65217391
FCFS,3,24,181.4285714
FCFS,7,10,101.0833333
FCFS,6,17,144.8333333
FCFS,7,18,140.2
FCFS,8,13,123.75
FCFS,1,14,108.9473684
FCFS,5,15,122
FCFS,8,3,58.125
FCFS,1,3,63.5
FCFS,6,5,72.875
FCFS,5,4,68
FCFS,3,23,184.6363636
FCFS,5,22,168.5
FCFS,1,23,152
FCFS,4,19,163.5714286
FCFS,8,17,134.6666667
FCFS,7,13,119.3125
FCFS,7,20,159.2
FCFS,9,7,89
FCFS,3,2,46.09090909
FCFS,5,7,86.1875
FCFS,6,3,54.91666667
FCFS,6,14,132.4
FCFS,6,10,103.7857143
FCFS,6,1,40.71428571
FCFS,3,18,152.9
FCFS,4,8,95.27272727
FCFS,7,9,95.42857143
FCFS,3,17,149.4285714
FCFS,7,8,92.78947368
FCFS,8,23,176.6666667
FCFS,7,12,129.8
FCFS,6,15,130.6153846
FCFS,2,23,170.2
FCFS,1,2,45.85714286
FCFS,8,20,155.5
FCFS,5,17,135.3333333
FCFS,7,1,42.21428571
FCFS,9,10,106.6521739
FCFS,4,3,56.7
FCFS,3,11,118.6666667
FCFS,5,6,80.76190476
FCFS,5,10,100.7894737
FCFS,2,22,160.75
FCFS,4,15,133.1764706
FCFS,3,1,35.14285714
FCFS,8,18,146.9285714
FCFS,6,17,143.8461538
FCFS,9,19,146.75
FCFS,1,6,67.5
FCFS,5,18,150
FCFS,5,14,131
FCFS,8,10,103.7142857
FCFS,4,9,101.9375
FCFS,8,3,51
FCFS,4,22,172.2727273
FCFS,4,17,142.5
FCFS,4,6,80.26666667
FCFS,7,18,147.4285714
FCFS,5,18,147.375
FCFS,2,18,148.3076923
FCFS,2,5,85.16666667
FCFS,1,12,104.7333333
FCFS,6,10,102.952381
FCFS,4,23,173.3333333
FCFS,6,6,84.27272727
FCFS,9,18,146.4736842
FCFS,6,17,138.1428571
FCFS,5,4,67.64705882
FCFS,8,16,144.75
FCFS,7,6,79.68421053
FCFS,6,4,63.77777778
FCFS,9,20,159.8571429
FCFS,4,20,162.7058824
FCFS,3,13,124.625
FCFS,3,3,60.21052632
FCFS,5,4,63
FCFS,9,22,167
FCFS,1,23,152.4285714
FCFS,1,19,143.4
FCFS,8,12,117.6470588
FCFS,2,3,66.66666667
FCFS,8,4,68.7826087
FCFS,4,5,77.63157895
FCFS,9,3,57.6875
FCFS,2,6,92.41666667
FCFS,1,23,154.875
FCFS,5,5,66.2
FCFS,3,14,133.75
FCFS,2,19,162.2941176
FCFS,1,17,129.5333333
FCFS,3,1,36.14285714
FCFS,4,2,47
FCFS,9,20,155
FCFS,9,5,73.84615385
FCFS,8,14,121
FCFS,7,3,57.5
FCFS,8,7,85.90909091
FCFS,3,12,102
FCFS,5,23,176
FCFS,4,7,90.42857143
FCFS,5,5,74.8
FCFS,1,19,134.8181818
FCFS,2,22,162.4666667
FCFS,2,5,85.83333333
FCFS,9,16,130
FCFS,1,7,75.57142857
FCFS,7,15,135.6153846
FCFS,4,18,154.8333333
FCFS,5,20,156
FCFS,2,6,96
FCFS,5,6,83.28571429
FCFS,1,23,148.6
FCFS,7,16,135.75
FCFS,2,12,127.0588235
FCFS,1,4,64.07692308
FCFS,8,24,177.8888889
FCFS,6,19,155.8888889
FCFS,6,9,98.61538462
FCFS,5,3,54.11764706
FCFS,9,7,94
FCFS,7,14,126.6428571
FCFS,9,21,137
FCFS,7,11,109.4666667
FCFS,6,2,47.83333333
FCFS,2,20,153
FCFS,6,23,173.5384615
FCFS,8,11,109.875
FCFS,5,17,144.1176471
FCFS,8,9,100.4615385
FCFS,8,23,170.9047619
FCFS,4,10,107.5
FCFS,9,3,56.63157895
FCFS,3,13,125.9166667
FCFS,5,3,55.33333333
FCFS,7,10,112.3333333
FCFS,5,7,87
FCFS,2,5,77.5
FCFS,8,19,152.6190476
FCFS,9,22,171.25
FCFS,5,12,109.1666667
FCFS,5,18,145.3333333
FCFS,7,10,102.0952381
FCFS,7,12,112.8333333
FCFS,4,1,38
FCFS,3,6,80.75
FCFS,3,14,131.5714286
FCFS,1,12,105.5
FCFS,7,8,93.11111111
FCFS,6,17,141.5294118
FCFS,3,16,138.4285714
FCFS,1,7,60
FCFS,4,24,182.2222222
FCFS,9,6,89
FCFS,8,19,154
FCFS,2,9,106.1428571
FCFS,6,14,126.8333333
FCFS,3,21,173.3333333
FCFS,1,13,100.3333333
FCFS,4,19,158.1818182
FCFS,7,5,72.94736842
FCFS,8,17,140.6666667
FCFS,7,5,69
FCFS,3,14,136.4444444
FCFS,4,7,92.86956522
FCFS,7,18,146.875
FCFS,9,12,116.5714286
FCFS,2,24,170.8666667
FCFS,8,3,64
FCFS,7,11,107.3913043
FCFS,2,7,135
FCFS,1,6,75.41666667
FCFS,1,22,151
FCFS,2,10,114.4583333
FCFS,9,9,98.5
FCFS,6,14,133.1111111
FCFS,8,7,86
FCFS,3,5,76.375
FCFS,2,5,84.54545455
FCFS,6,2,48.92307692
FCFS,7,13,122.5833333
FCFS,3,9,100
FCFS,1,23,152
FCFS,8,1,45
FCFS,1,7,81.93333333
FCFS,6,5,73.42105263
FCFS,5,17,142
FCFS,2,23,166.5
FCFS,1,17,124.9583333
FCFS,1,13,108.4347826
FCFS,8,19,154.7142857
FCFS,8,24,173.4615385
FCFS,1,10,98.81818182
FCFS,6,8,93.23529412
FCFS,3,17,142.2857143
FCFS,8,18,144.2083333
FCFS,1,17,126.2
FCFS,4,9,98.06666667
FCFS,6,18,153
FCFS,6,1,40.46666667
FCFS,4,2,47.6
FCFS,3,10,105.2608696
FCFS,3,2,46.47826087
FCFS,8,8,98.57142857
FCFS,4,13,126
FCFS,3,17,144
FCFS,9,1,45.13636364
FCFS,8,19,153.5
FCFS,4,7,79.5
FCFS,3,12,120.0769231
FCFS,4,21,172.4285714
FCFS,3,12,119.4
FCFS,3,15,132.2
FCFS,6,1,40.625
FCFS,4,22,170.9333333
FCFS,8,1,43.83333333
FCFS,1,3,59.33333333
FCFS,1,17,125
FCFS,3,24,174.9375
FCFS,2,22,168.6428571
FCFS,6,11,110.0952381
FCFS,5,24,179
FCFS,1,5,67.8
FCFS,1,19,145.6666667
FCFS,9,23,171.0434783
FCFS,8,16,141
FCFS,3,20,165.8333333
FCFS,4,13,127.2142857
FCFS,2,23,171.8
FCFS,5,18,148.5555556
FCFS,7,15,128.0416667
FCFS,9,9,93
FCFS,3,9,103.9
FCFS,8,17,146.9
FCFS,9,11,113.2
FCFS,9,23,167.1
FCFS,8,21,160.6
FCFS,6,19,157
FCFS,7,2,50.6
FCFS,1,15,119.6
FCFS,8,24,171
FCFS,6,2,46.6
FCFS,8,12,118.5
FCFS,3,24,178.4
FCFS,8,10,105.6
FCFS,3,13,120.6
FCFS,3,7,93.9
FCFS,7,3,56.3
FCFS,6,4,65.4
FCFS,1,12,95.8
FCFS,1,8,85.1
FCFS,2,22,157.9
FCFS,4,20,153.4
FCFS,3,8,97.8
FCFS,6,12,117.6
FCFS,2,19,152.1
FCFS,9,6,84.7
FCFS,2,24,170.3
FCFS,8,12,117.2
FCFS,5,12,115.9
FCFS,5,8,88.7
FCFS,6,10,109.3
FCFS,6,10,99.8
FCFS,6,17,141.6
FCFS,1,17,129.5
FCFS,5,11,109.4
FCFS,6,5,77.4
FCFS,9,19,155.9
FCFS,8,22,168.3
FCFS,1,19,132.1
FCFS,6,14,130.1
FCFS,8,19,151.6
FCFS,3,3,63.5
FCFS,3,2,44
FCFS,9,7,84.3
FCFS,4,6,82.1
FCFS,9,3,63.8
FCFS,8,17,146.2
FCFS,3,17,144.4
FCFS,2,20,152.8
FCFS,7,17,140.5
FCFS,5,15,132.6
FCFS,3,4,67.8
FCFS,6,24,181.9
FCFS,1,5,73.5
FCFS,6,6,77
FCFS,4,1,37.7
FCFS,6,23,170.2
FCFS,6,17,141.2
FCFS,1,12,106.7
FCFS,4,15,125.5
FCFS,7,9,95.9
FCFS,1,19,133.8
FCFS,2,9,106.6
FCFS,9,22,173.6
FCFS,6,5,73.7
FCFS,6,2,51.3
FCFS,8,10,100.2
FCFS,3,1,36.3
FCFS,8,16,142.5
FCFS,4,9,100.5
FCFS,2,4,79.8
FCFS,6,19,149.8
FCFS,7,9,94.2
FCFS,1,2,44.3
FCFS,1,4,70.9
FCFS,7,20,153.6
FCFS,3,13,131.7
FCFS,9,8,96
FCFS,1,17,131.3
FCFS,8,23,173.7
FCFS,3,17,145.8
FCFS,6,22,164.8
FCFS,4,13,124.1
FCFS,1,24,156
FCFS,4,15,132.3
FCFS,7,23,177
FCFS,2,18,148.5
FCFS,2,6,87.5
FCFS,2,24,169.9
FCFS,6,18,153.8
FCFS,8,5,70.3
FCFS,1,18,133.3
FCFS,4,19,157
FCFS,1,2,47.1
FCFS,2,14,130.3
FCFS,6,15,133.5
FCFS,6,22,164.9
FCFS,8,18,145.5
FCFS,1,7,83.3
FCFS,9,3,57.5
FCFS,9,18,142.6
FCFS,7,10,96.7
FCFS,2,5,79.3
FCFS,4,24,173.9
FCFS,2,2,50.4
FCFS,5,23,174.4
FCFS,3,9,98.4
FCFS,8,15,130.3
FCFS,8,14,121.4
FCFS,2,22,153.3
FCFS,8,9,105.7
FCFS,5,13,112.6
FCFS,4,20,170.6
FCFS,2,19,149.6
FCFS,4,11,106.5
FCFS,8,23,178.8
FCFS,8,1,43.2
FCFS,2,22,161.5
FCFS,9,12,117.8
FCFS,6,22,173.8
FCFS,7,9,97.5
FCFS,4,1,36.7
FCFS,1,6,76.3
FCFS,6,6,76
FCFS,9,23,166.1
FCFS,4,8,100.8
FCFS,9,6,77.2
FCFS,8,14,125.7
FCFS,9,12,115
FCFS,8,23,168.9
FCFS,8,9,93.2
FCFS,7,22,167
FCFS,1,5,71.1
FCFS,6,13,120.9
FCFS,4,9,97.4
FCFS,5,9,96.8
FCFS,3,22,175.6
FCFS,6,20,153.3
FCFS,1,21,141.8
FCFS,7,7,85.2
FCFS,2,4,73.8
FCFS,5,6,78.7
FCFS,5,2,47.4
FCFS,1,16,118.7
FCFS,1,6,72.1
FCFS,5,17,137.1
FCFS,1,2,49.8
FCFS,5,6,84.2
FCFS,3,20,159.9
FCFS,2,7,93.1
FCFS,6,13,122.7
FCFS,5,7,85.8
FCFS,7,14,123.6
FCFS,9,13,113.2
FCFS,9,3,59.8
FCFS,4,1,38.8
FCFS,3,17,143.1
FCFS,2,17,137.8
FCFS,4,15,138
FCFS,7,16,139.8
FCFS,5,11,108.2
FCFS,3,8,97.7
FCFS,8,18,147.3
FCFS,8,13,117.1
FCFS,3,2,49.4
FCFS,5,20,162.5
FCFS,2,20,158
FCFS,5,5,69.4
FCFS,7,22,164.5
FCFS,3,23,170.5
FCFS,7,24,176.7
FCFS,3,23,179.3
FCFS,3,1,34.1
FCFS,8,21,163.7
FCFS,1,10,96.3
FCFS,4,23,179.2
FCFS,6,17,142.7
FCFS,1,18,126.7
FCFS,9,8,96.8
FCFS,7,19,153.3
FCFS,7,6,83.1
FCFS,8,21,162
FCFS,5,3,57.2
FCFS,6,15,130.7
FCFS,2,1,36.3
FCFS,8,8,93.4
FCFS,3,11,111
FCFS,7,17,150.3
FCFS,1,13,107.3
FCFS,5,8,87.1
FCFS,7,24,174.4
FCFS,1,11,104.4
FCFS,4,9,101.8
FCFS,3,21,163
FCFS,2,10,103.1
FCFS,9,5,75
FCFS,2,23,164.8
FCFS,3,2,45.3
FCFS,2,21,161.4
FCFS,5,6,79.9
FCFS,3,16,145.2
FCFS,2,20,157.9
FCFS,1,18,125
FCFS,4,24,181.3
FCFS,1,21,149.2
FCFS,3,13,119.9
FCFS,3,15,133.4
FCFS,6,19,159.8
FCFS,8,7,83
FCFS,7,11,105.5
FCFS,4,16,138.3
FCFS,8,4,68.9
FCFS,3,1,35.2
FCFS,3,23,178.5
FCFS,4,7,87.7
FCFS,4,21,165.8
FCFS,8,19,155.2
FCFS,7,20,152.9
FCFS,3,22,167.9
FCFS,3,7,91.5
FCFS,5,11,110.9
FCFS,4,10,109.6
FCFS,8,15,130
FCFS,7,9,98.5
FCFS,5,11,118.1
FCFS,9,1,45.9
FCFS,5,17,142.6
FCFS,3,22,182.3
FCFS,9,4,66.1
FCFS,4,4,65.7
FCFS,7,4,69.5
FCFS,4,3,58.2
FCFS,2,5,83.7
FCFS,8,13,117.4
FCFS,1,12,105.1
FCFS,9,16,133.1
FCFS,2,15,137
FCFS,2,7,106.2
FCFS,8,24,182.1
FCFS,2,7,98
FCFS,3,24,183.4
FCFS,7,21,163.4
FCFS,8,11,109.2
FCFS,3,17,138.4
FCFS,5,22,179.3
FCFS,9,14,129.9
FCFS,8,3,60.4
FCFS,7,4,65.4
FCFS,9,10,106.4
FCFS,5,5,77.7
FCFS,6,9,98.2
FCFS,3,6,81.6
FCFS,1,21,144.5
FCFS,5,10,105.8
FCFS,8,6,77.4
FCFS,4,8,98.4
FCFS,1,16,117.2
FCFS,9,11,111
FCFS,4,22,173.4
FCFS,3,1,35.3
FCFS,3,11,107.7
FCFS,9,22,167.3
FCFS,7,14,123.2
FCFS,7,22,176
FCFS,6,24,176.8
FCFS,1,18,124.8
FCFS,8,15,130.9
FCFS,4,19,154.4
FCFS,5,1,39.4
FCFS,4,22,168.7
FCFS,2,12,115.4
FCFS,2,1,36.1
FCFS,2,5,86.6
FCFS,1,8,84.7
FCFS,3,10,107.2
FCFS,1,20,136.2
FCFS,9,23,169.8
FCFS,1,1,31.4
FCFS,3,16,140.4
FCFS,2,19,154.2
FCFS,6,4,67.2
FCFS,6,14,127.5
FCFS,3,2,48.8
FCFS,8,18,144.6
FCFS,1,6,72
FCFS,4,22,162.9
FCFS,6,11,116.7
FCFS,3,20,169.6
FCFS,8,6,87.3
FCFS,3,19,151.6
FCFS,8,9,99.6
FCFS,7,8,92.3
FCFS,6,19,149.8
FCFS,7,2,47.1
FCFS,7,19,152.4
FCFS,7,19,150.4
FCFS,7,18,153.1
FCFS,8,7,87.8
FCFS,4,14,128.9
FCFS,8,2,48.6
FCFS,5,12,122.2
FCFS,4,21,163.7
FCFS,5,10,101.5
FCFS,3,16,142.9
FCFS,7,2,48.7
FCFS,8,21,167.1
FCFS,5,13,117.1
FCFS,3,19,156.3
FCFS,8,9,98.3
FCFS,4,22,177
FCFS,1,6,81.6
FCFS,5,3,59.2
FCFS,2,8,111
FCFS,6,16,143.6
FCFS,1,9,88.5
FCFS,8,18,153.2
FCFS,9,18,151.5
FCFS,9,21,166.1
FCFS,9,24,176.2
FCFS,3,9,97
FCFS,7,24,178
FCFS,1,16,118.7
FCFS,9,20,160
FCFS,3,6,84.7
FCFS,9,24,180.4
FCFS,7,12,113.1
FCFS,6,11,110.6
FCFS,4,16,138.2
FCFS,3,9,104
FCFS,3,2,45.3
FCFS,9,20,158.7
FCFS,1,24,154.6
FCFS,9,1,45.3
FCFS,6,3,53.2
FCFS,8,15,131.8
FCFS,4,8,97.7
FCFS,6,13,116.9
FCFS,5,11,110.5
FCFS,1,10,95.4
FCFS,4,18,150.9
FCFS,4,22,169
FCFS,4,17,144.8
FCFS,1,13,105.2
FCFS,2,10,113.7
FCFS,4,7,89.2
FCFS,7,14,130.5
FCFS,1,22,144.5
FCFS,1,12,101.9
FCFS,5,19,152.8
FCFS,8,1,44.5
FCFS,6,20,158.6
FCFS,2,17,145.3
FCFS,1,15,116.6
FCFS,8,5,73.2
FCFS,2,5,73.8
FCFS,3,1,35.9
FCFS,7,14,117.8
FCFS,5,9,102.2
FCFS,5,8,87.7
FCFS,1,14,111
FCFS,9,15,127.2
FCFS,2,9,109.1
FCFS,6,8,90.9
FCFS,5,12,108.9
FCFS,4,4,67.8
FCFS,8,17,141.1
FCFS,9,1,45.3
FCFS,3,15,136.9
FCFS,5,17,142.6
FCFS,4,20,170.9
FCFS,6,20,158.1
FCFS,1,23,146.5
FCFS,3,10,108.2
FCFS,3,4,70.5
FCFS,9,18,162.3
FCFS,3,17,146.8
FCFS,1,1,30.9
FCFS,8,6,80.2
FCFS,5,7,89.9
FCFS,9,20,155.6
FCFS,7,16,144
FCFS,7,17,142.6
FCFS,2,11,116.5
FCFS,6,8,96.1
FCFS,1,3,58.6
FCFS,8,20,162.7
FCFS,2,18,160.5
FCFS,1,5,68.9
FCFS,3,1,36.2
FCFS,1,19,135.7
FCFS,3,13,121.5
FCFS,2,18,146.7
FCFS,5,18,150.5
FCFS,1,21,143.4
FCFS,7,17,144.1
FCFS,2,1,36.7
FCFS,8,18,145.5
FCFS,1,19,137.2
FCFS,2,21,157.4
FCFS,3,16,137.9
FCFS,5,23,170.4
FCFS,6,4,69.2
FCFS,9,4,64.5
FCFS,8,13,117.8
FCFS,2,20,150.3
FCFS,9,20,157.3
FCFS,7,18,140.8
FCFS,4,11,116.6
FCFS,5,1,39.1
FCFS,1,1,31.7
FCFS,3,8,105.3
FCFS,4,24,182
FCFS,6,3,54.1
FCFS,8,2,48.7
FCFS,1,9,84
FCFS,8,4,61.8
FCFS,5,15,130.4
FCFS,1,4,65
FCFS,2,3,64.7
FCFS,8,1,43.8
FCFS,9,23,175.1
FCFS,5,5,73.2
FCFS,1,23,143
FCFS,9,11,108.8
FCFS,4,10,118.4
FCFS,3,2,48.3
FCFS,6,5,71.4
FCFS,6,23,175.8
FCFS,8,12,116.4
FCFS,5,13,116.2
FCFS,6,21,166.5
FCFS,7,13,133
FCFS,1,2,48.7
FCFS,2,9,118.3
FCFS,4,15,127.9
FCFS,9,8,91.6
FCFS,2,13,128.9
FCFS,3,2,45.2
FCFS,5,3,54.8
FCFS,1,10,94.5
FCFS,1,5,66.5
FCFS,9,12,114.1
FCFS,8,2,49.8
FCFS,9,15,136.7
FCFS,5,15,134.6
FCFS,3,14,128.5
FCFS,5,15,131.4
FCFS,3,24,178.8
FCFS,5,11,110.5
FCFS,9,10,101.2
FCFS,3,16,145
FCFS,9,10,103.8
FCFS,2,3,71.2
FCFS,1,20,137.4
FCFS,6,14,130.6
FCFS,9,14,127.3
FCFS,4,10,107.6
FCFS,7,8,88.7
FCFS,6,5,74.3
FCFS,3,17,146.2
FCFS,4,11,108.9
FCFS,1,14,110.7
FCFS,1,21,141.6
FCFS,1,7,83.5
FCFS,8,5,79
FCFS,6,22,167.9
FCFS,5,4,67.3
FCFS,9,11,111.9
FCFS,5,18,149.7
FCFS,8,21,166.5
FCFS,6,1,40.4
FCFS,1,11,102.1
FCFS,6,23,177.7
FCFS,2,22,169.5
FCFS,3,4,64.7
FCFS,8,3,52.8
FCFS,2,19,149.7
FCFS,3,12,115.2
FCFS,3,18,149.1
FCFS,1,4,66.7
FCFS,7,22,166.2
FCFS,7,21,155.9
FCFS,9,17,145
FCFS,8,20,159.1
FCFS,4,24,177.2
FCFS,7,2,47
FCFS,8,18,149.2
FCFS,8,5,73.5
FCFS,5,24,180
FCFS,3,4,65
FCFS,2,4,82.4
FCFS,9,22,160
FCFS,1,18,130.3
FCFS,9,21,155
FCFS,2,1,36.5
FCFS,4,4,66.3
FCFS,7,9,95.7
FCFS,3,24,183.3
FCFS,7,18,159.3
FCFS,1,8,92.2
FCFS,9,19,157.3
FCFS,7,5,76.4
FCFS,4,5,73.5
FCFS,9,3,59.9
FCFS,6,24,181.5
FCFS,2,8,106
FCFS,8,3,55.7
FCFS,7,23,170.4
FCFS,9,21,161.1
FCFS,6,1,41.3
FCFS,8,2,50.7
FCFS,8,21,160.8
FCFS,6,7,88.5
FCFS,9,8,94.3
FCFS,9,20,159.7
FCFS,3,3,61.5
FCFS,2,5,83.5
FCFS,2,12,130.8
FCFS,2,23,170.3
FCFS,3,19,158
FCFS,8,23,171.9
FCFS,4,1,37
FCFS,9,22,169.2
FCFS,5,8,94.9
FCFS,2,20,152.7
FCFS,8,11,105.1
FCFS,6,16,137.4
FCFS,9,24,182.6
FCFS,4,4,63.7
FCFS,6,12,114.4
FCFS,2,2,53.3
FCFS,1,5,68.3
FCFS,1,13,101.1
FCFS,1,1,32.2
FCFS,8,10,108.2
FCFS,7,21,165.1
FCFS,7,4,67.1
FCFS,2,18,153.4
FCFS,5,20,153.5
FCFS,3,23,178.7
FCFS,8,8,93.3
FCFS,6,5,77.3
FCFS,3,11,111.3
FCFS,5,16,134.9
FCFS,5,4,63
FCFS,5,24,186.8
FCFS,2,17,145.1
FCFS,8,6,78.3
FCFS,9,17,137.3
FCFS,8,22,164.5
FCFS,3,23,176.2
FCFS,9,3,60.1
FCFS,7,9,91.3
FCFS,9,17,139.5
FCFS,8,23,173.1
FCFS,7,4,64.5
FCFS,2,11,112.9
FCFS,3,7,81.2
FCFS,6,24,179
FCFS,2,15,131.7
FCFS,5,9,100.4
FCFS,9,21,160.9
FCFS,3,20,162.4
FCFS,9,1,44.9
FCFS,9,12,114.4
FCFS,8,12,114.8
FCFS,1,14,109.9
FCFS,1,10,93.3
FCFS,2,18,142.2
FCFS,7,6,80.7
FCFS,7,15,129.4
FCFS,4,15,131.4
FCFS,3,9,99.9
FCFS,5,3,62.6
FCFS,9,23,175.1
FCFS,2,20,157.1
FCFS,7,8,91.9
FCFS,4,13,121.1
FCFS,2,11,118.1
FCFS,1,4,61.5
FCFS,7,18,149.6
FCFS,9,12,116.7
FCFS,3,8,88.4
FCFS,4,3,60.7
FCFS,3,18,147.3
FCFS,8,12,115.9
FCFS,9,9,98.3
FCFS,6,15,136.7
FCFS,5,22,169.5
FCFS,5,14,128.5
FCFS,5,5,75.6
FCFS,5,1,37.6
FCFS,4,3,55.2
FCFS,9,14,127.4
FCFS,9,13,120.4
FCFS,5,14,130.6
FCFS,2,1,35.5
FCFS,8,24,172.6
FCFS,6,6,73.1
FCFS,1,2,49.7
FCFS,7,6,83.5
FCFS,7,20,163.9
FCFS,1,12,104.6
FCFS,4,19,150.2
FCFS,8,2,51.2
FCFS,9,14,127.8
FCFS,6,16,133.9
FCFS,3,22,168
FCFS,1,19,134.8
FCFS,9,21,161.8
FCFS,2,17,147.1
FCFS,7,21,160.8
FCFS,9,17,142
FCFS,2,19,148.7
FCFS,8,23,176.2
FCFS,3,11,110.1
FCFS,5,12,111.3
FCFS,4,8,91.1
FCFS,3,17,141.1
FCFS,1,24,156.3
FCFS,2,15,139.7
FCFS,7,21,166.7
FCFS,6,11,112.7
FCFS,4,22,168.7
FCFS,7,6,82
FCFS,2,2,48.8
FCFS,2,19,149.1
FCFS,1,10,96.6
FCFS,1,22,142.7
FCFS,5,1,38.1
FCFS,6,7,88.8
FCFS,3,12,120.3
FCFS,3,11,112.2
FCFS,2,11,120.9
FCFS,5,9,95.5
FCFS,4,14,127.7
FCFS,8,1,44.2
FCFS,5,7,82.9
FCFS,2,9,114.3
FCFS,1,9,83.2
FCFS,4,1,37.1
FCFS,2,23,168
FCFS,2,18,141.4
FCFS,3,12,124.5
FCFS,3,2,46.8
FCFS,6,14,123.9
FCFS,4,8,95
FCFS,1,20,135.1
FCFS,6,17,142.3
FCFS,1,6,78.3
FCFS,7,6,80
FCFS,8,2,48.3
FCFS,6,4,65.2
FCFS,9,5,71.4
FCFS,9,21,160.4
FCFS,7,17,138.7
FCFS,9,16,139.6
FCFS,8,13,119.4
FCFS,3,15,136.9
FCFS,3,13,123
FCFS,2,20,149.2
FCFS,1,4,61
FCFS,9,23,173.8
FCFS,6,3,61.3
FCFS,3,24,179.2
FCFS,7,20,160.1
FCFS,3,23,175.1
FCFS,3,20,154.2
FCFS,2,9,107.6
FCFS,1,1,31.5
FCFS,5,1,37.8
FCFS,2,12,125.8
FCFS,8,15,125.9
FCFS,4,24,182.3
FCFS,9,22,166.9
FCFS,4,11,112.5
FCFS,9,2,48.8
FCFS,1,7,80
FCFS,9,14,126
FCFS,3,21,159.8
FCFS,6,12,111.2
FCFS,6,24,184
FCFS,9,3,58.3
FCFS,4,19,153.4
FCFS,2,5,80.7
FCFS,5,13,119.8
FCFS,4,7,86.6
FCFS,3,6,88
FCFS,1,16,121
FCFS,1,11,102.4
FCFS,8,22,168.8
FCFS,1,18,132.1
FCFS,4,20,162.4
FCFS,9,17,142.4
FCFS,7,24,179.9
FCFS,4,18,156.5
FCFS,7,8,92.2
FCFS,5,15,129.5
FCFS,8,13,120.1
FCFS,7,1,41.8
FCFS,6,2,47.2
FCFS,7,4,71.4
FCFS,9,9,103.2
FCFS,6,3,59.3
FCFS,9,19,159.9
FCFS,5,11,104.9
FCFS,7,14,125
FCFS,7,9,93.5
FCFS,9,21,164.9
FCFS,7,20,160.1
FCFS,8,6,80.2
FCFS,5,11,107
FCFS,2,12,121.1
FCFS,5,4,64.9
FCFS,7,20,156
FCFS,8,20,159.2
FCFS,7,24,171.8
FCFS,3,1,35.1
FCFS,1,15,116.5
FCFS,8,17,135.9
FCFS,1,7,75.6
FCFS,1,5,68.8
FCFS,2,7,91.6
FCFS,6,19,143.7
FCFS,9,11,114.4
FCFS,6,15,130.3
FCFS,3,1,36.3
FCFS,3,12,121.4
FCFS,7,4,65.2
FCFS,2,6,87.3
FCFS,6,21,160.4
FCFS,9,20,162.4
FCFS,6,4,71.9
FCFS,8,14,127.8
FCFS,1,18,129.3
FCFS,8,3,60.3
FCFS,1,5,60.1
FCFS,2,11,117.1
FCFS,4,15,129.7
FCFS,3,5,80.8
FCFS,6,10,102.2
FCFS,9,3,60.7
FCFS,2,5,82.4
FCFS,7,20,152.9
FCFS,7,6,77.6
FCFS,9,5,81
FCFS,5,20,157.5
FCFS,6,23,170.7
FCFS,2,5,84.8
FCFS,6,21,165.1
FCFS,9,16,141.4
FCFS,4,20,154.5
FCFS,8,20,163.5
FCFS,9,11,112.1
FCFS,3,21,168.6
FCFS,7,16,135
FCFS,9,13,122.3
FCFS,3,19,157.5
FCFS,9,13,121
FCFS,1,20,141.4
FCFS,8,21,171.6
FCFS,9,15,125.4
FCFS,2,20,154.7
FCFS,7,1,43.5
FCFS,8,2,47.7
FCFS,4,24,180.7
FCFS,5,14,125.2
FCFS,5,16,138.7
FCFS,6,18,145.1
FCFS,4,3,53.1
FCFS,8,18,142.9
FCFS,9,21,160.4
FCFS,5,3,52
FCFS,8,10,103.1
FCFS,6,18,142.7
FCFS,3,4,67.6
FCFS,8,9,101.9
FCFS,7,20,158.1
FCFS,8,9,103.9
FCFS,6,15,127.8
FCFS,7,19,153.4
FCFS,1,23,149.8
FCFS,3,7,87.1
FCFS,1,4,61.8
FCFS,3,8,93.9
FCFS,8,14,124.2
FCFS,4,20,161
FCFS,1,7,83.5
FCFS,6,1,40.9
FCFS,3,21,174.9
FCFS,2,20,147.4
FCFS,4,23,176.8
FCFS,7,16,133.4
FCFS,7,2,47.5
FCFS,8,18,150.9
FCFS,8,4,64.6
FCFS,5,2,39.9
FCFS,9,15,128.5
FCFS,7,22,166.8
FCFS,8,17,133.1
FCFS,4,9,96.1
FCFS,4,13,123.1
FCFS,3,3,60
FCFS,9,12,112.9
FCFS,7,14,129.2
FCFS,7,18,147.2
FCFS,3,24,184.2
FCFS,6,20,160.2
FCFS,5,21,166.2
FCFS,6,11,107.4
FCFS,4,5,75.9
FCFS,5,8,86.7
FCFS,6,5,73.7
FCFS,3,20,164
FCFS,4,20,168.3
FCFS,3,4,68.1
FCFS,1,23,155.7
FCFS,4,24,184.1
FCFS,5,16,131.5
FCFS,4,8,94.7
FCFS,1,5,68.9
FCFS,9,4,74.1
FCFS,4,4,61.8
FCFS,7,22,164.2
FCFS,9,16,134.2
FCFS,4,3,57
FCFS,1,8,91.2
FCFS,9,16,134.1
FCFS,1,2,41.9
FCFS,5,7,77.8
FCFS,2,12,119
FCFS,3,3,56.6
FCFS,5,15,125.9
FCFS,9,19,149.7
FCFS,4,9,102.7
FCFS,4,24,183.3
FCFS,1,4,61
FCFS,1,10,96.6
FCFS,4,7,86.1
FCFS,7,8,95.1
FCFS,1,19,139.6
FCFS,8,16,136.7
FCFS,7,6,78.6
FCFS,8,23,172.2
FCFS,1,9,87.8
FCFS,5,9,93.6
FCFS,8,6,83.7
FCFS,1,22,148
FCFS,9,24,173.5
FCFS,7,8,90.5
FCFS,9,16,136.4
FCFS,3,10,103.2
FCFS,7,1,43.3
FCFS,3,6,74.5
FCFS,6,17,151.6
FCFS,7,16,131.4
FCFS,5,19,149.8
FCFS,4,17,153.7
FCFS,3,13,129.1
FCFS,8,1,42.3
FCFS,9,13,117.4
FCFS,3,16,135.4
FCFS,4,2,49.9
FCFS,3,3,61
FCFS,4,5,83.1
FCFS,4,3,59.3
FCFS,6,1,39.6
FCFS,8,3,55.2
FCFS,4,16,138.6
FCFS,5,20,158.4
FCFS,7,14,129
FCFS,8,4,64.5
FCFS,6,10,102.6
FCFS,7,19,150
FCFS,5,5,70
FCFS,7,13,124.3
FCFS,5,22,176.6
FCFS,7,4,64.9
FCFS,2,7,99.8
FCFS,6,6,76.8
FCFS,9,16,142.9
FCFS,4,2,50.5
FCFS,3,11,112.3
FCFS,1,17,117.1
FCFS,8,10,109.6
FCFS,2,19,144.4
FCFS,5,12,113.3
FCFS,8,8,88.7
FCFS,8,19,155.6
FCFS,4,22,172.5
FCFS,4,16,140.9
FCFS,7,2,50.2
FCFS,4,20,159
FCFS,5,12,120
FCFS,4,12,114.1
FCFS,5,15,132.1
FCFS,3,5,69.8
FCFS,6,21,156.4
FCFS,8,16,139.5
FCFS,2,8,107.7
FCFS,7,23,175
FCFS,4,8,86.5
FCFS,4,18,154
FCFS,4,5,79.5
FCFS,4,5,69.8
FCFS,4,24,173.1
FCFS,8,6,79.1
FCFS,3,22,174.9
FCFS,3,21,165
FCFS,1,13,106.9
FCFS,2,19,146.9
FCFS,1,15,120.1
FCFS,2,6,97.5
FCFS,3,23,176.9
FCFS,7,17,142.3
FCFS,9,4,71.5
FCFS,7,13,124.5
FCFS,9,12,115.6
FCFS,7,3,54.3
FCFS,4,24,184.9
FCFS,1,7,86.5
FCFS,2,8,100.3
FCFS,2,10,114
FCFS,4,8,96.1
FCFS,6,9,94.7
FCFS,3,18,144.7
FCFS,3,7,81.2
FCFS,7,9,102
FCFS,3,2,45.1
FCFS,5,4,59.7
FCFS,9,12,108.2
FCFS,5,17,142
FCFS,9,5,71.2
FCFS,5,22,182.2
FCFS,9,8,91.9
FCFS,2,4,71.3
FCFS,1,9,96.2
FCFS,7,18,143.9
FCFS,5,21,164.9
FCFS,1,16,120.6
FCFS,6,22,170.6
FCFS,1,22,146.7
FCFS,8,24,177.9
FCFS,2,17,149.6
FCFS,7,10,102.1
FCFS,8,23,171.6
FCFS,5,14,126.8
FCFS,3,24,177.8
FCFS,8,11,111.7
FCFS,4,23,176.4
FCFS,8,8,95.4
FCFS,4,2,50.7
FCFS,6,11,110.3
FCFS,2,24,171.6
FCFS,7,14,119.6
FCFS,6,22,167.5
FCFS,1,15,117.7
FCFS,8,16,137.5
FCFS,6,1,40.5
FCFS,4,13,134.5
FCFS,7,7,92.8
FCFS,6,2,49.6
FCFS,4,1,38.2
FCFS,8,15,135.3
FCFS,4,4,69.2
FCFS,1,7,76
FCFS,3,13,131.4
FCFS,9,18,144.7
FCFS,5,13,120.5
FCFS,4,17,139.7
FCFS,5,21,165.9
FCFS,7,16,137.3
FCFS,4,21,160.9
FCFS,5,6,79.3
FCFS,1,21,134.6
FCFS,8,7,94.2
FCFS,6,8,90.1
FCFS,6,3,57.7
FCFS,5,21,163.2
FCFS,1,10,92.1
FCFS,2,24,172.2
FCFS,2,1,35.5
FCFS,8,11,115.7
FCFS,4,2,43.2
FCFS,6,9,97.2
FCFS,5,9,93.1
FCFS,2,22,159.9
FCFS,7,13,121.9
FCFS,3,2,43.2
FCFS,7,17,139.8
FCFS,2,4,77.3
FCFS,1,24,159.2
FCFS,4,4,71.1
FCFS,9,18,146.6
FCFS,1,3,57.2
FCFS,1,4,63.8
FCFS,6,2,48.7
FCFS,7,11,108.4
FCFS,5,12,119.7
FCFS,1,8,88.5
FCFS,8,7,90.2
FCFS,3,3,63.1
FCFS,7,17,143.3
FCFS,2,23,167.7
FCFS,4,3,56.8
FCFS,5,15,134.4
FCFS,7,20,163.9
FCFS,8,24,176.1
FCFS,9,4,67.1
FCFS,1,1,31.7
FCFS,2,4,77.1
FCFS,3,6,77.2
FCFS,4,12,119.6
FCFS,3,12,120.8
FCFS,8,17,140.2
FCFS,6,7,85.1
FCFS,7,1,43.1
FCFS,3,10,108.2
FCFS,7,1,41.4
FCFS,4,9,100.2
FCFS,5,12,116.2
FCFS,7,20,156.7
FCFS,6,13,122
FCFS,3,6,87.7
FCFS,6,15,125.8
FCFS,5,14,127
FCFS,3,11,117.8
FCFS,2,22,164.9
FCFS,8,15,133.8
FCFS,4,19,149.4
FCFS,6,7,90.6
FCFS,3,13,117.2
FCFS,1,3,56.4
FCFS,2,12,120
FCFS,7,9,103.6
FCFS,4,20,161.4
FCFS,6,16,133.6
FCFS,6,13,120.7
FCFS,5,8,96.9
FCFS,8,18,142.4
FCFS,2,3,68.9
FCFS,1,18,130.2
FCFS,7,6,78.8
FCFS,7,4,60.3
FCFS,3,20,160.4
FCFS,2,17,142.4
FCFS,9,1,42.5
FCFS,8,4,64.5
FCFS,5,1,38.4
FCFS,5,17,146.6
FCFS,1,5,70.3
FCFS,9,24,178.8
FCFS,2,20,160.2
FCFS,8,22,171.1
FCFS,3,19,151.8
FCFS,2,20,159.3
FCFS,9,4,66.8
FCFS,1,6,76.9
FCFS,5,22,166.4
FCFS,3,2,49.2
FCFS,7,22,167.5
FCFS,1,8,87.3
FCFS,6,24,177.1
FCFS,6,9,97.8
FCFS,6,13,120.8
FCFS,8,14,127.1
FCFS,2,20,158.4
FCFS,1,15,119.6
FCFS,7,4,64.4
FCFS,1,7,76.1
FCFS,3,22,169.5
FCFS,5,24,181.7
FCFS,6,12,115.9
FCFS,1,1,31.4
FCFS,1,18,122.1
FCFS,6,24,182.8
FCFS,4,11,105.1
FCFS,5,16,135.2
FCFS,9,19,145.6
FCFS,2,23,163.4
FCFS,3,21,169.6
FCFS,1,8,87.7
FCFS,1,17,122.3
FCFS,9,8,95.3
FCFS,2,8,93.2
FCFS,2,23,167.9
FCFS,1,5,73.7
FCFS,5,11,108.5
FCFS,8,18,147.6
FCFS,4,15,136.1
FCFS,3,15,134.8
FCFS,5,22,165.3
FCFS,1,17,124
FCFS,4,9,100
FCFS,2,15,141.8
FCFS,3,7,80
FCFS,1,20,134.8
FCFS,6,4,70.9
FCFS,8,1,42.5
FCFS,4,20,165.6
FCFS,2,6,83
FCFS,5,18,148.2
FCFS,8,3,59.7
FCFS,4,9,100.9
FCFS,1,23,145.9
FCFS,9,19,149.5
FCFS,5,8,90.7
FCFS,6,14,121.8
FCFS,8,9,97.1
FCFS,7,11,115
FCFS,9,17,143.4
FCFS,2,8,95.4
FCFS,7,24,182.3
FCFS,2,7,93.6
FCFS,7,22,166.5
FCFS,8,13,121.8
FCFS,2,24,172.5
FCFS,5,5,74.1
FCFS,4,13,121.7
FCFS,8,9,98.6
FCFS,9,16,129.6
FCFS,5,12,113.8
FCFS,3,9,99.9
FCFS,3,23,185.9
FCFS,6,13,117.7
FCFS,2,8,104.5
FCFS,2,12,127.3
FCFS,4,19,156.7
FCFS,5,20,164.7
FCFS,4,14,136.1
FCFS,3,14,127.1
FCFS,2,12,126.5
FCFS,9,14,131.6
FCFS,2,24,178
FCFS,1,9,88.1
FCFS,9,2,51.4
FCFS,6,12,117
FCFS,7,1,42.2
FCFS,8,11,113.6
FCFS,6,21,164.9
FCFS,9,19,152.6
FCFS,3,15,137.1
FCFS,3,11,106.6
FCFS,8,9,97.6
FCFS,8,10,96.5
FCFS,9,17,141.8
FCFS,9,20,152.3
FCFS,4,8,93.5
FCFS,3,12,128.7
FCFS,4,23,182.2
FCFS,7,8,92.8
FCFS,4,23,171.3
FCFS,4,13,119.9
FCFS,9,18,147.4
FCFS,1,2,47.4
FCFS,9,23,175.9
FCFS,9,17,142.3
FCFS,6,15,129
FCFS,2,16,139.8
FCFS,3,18,155.9
FCFS,1,14,109.8
FCFS,5,18,141.6
FCFS,1,11,98.8
FCFS,5,4,67
FCFS,6,7,86.5
FCFS,2,6,90.4
FCFS,4,22,178.3
FCFS,1,9,90.9
FCFS,2,1,36.5
FCFS,1,19,128.8
FCFS,5,15,128.2
FCFS,4,19,149.2
FCFS,7,22,161.3
FCFS,9,7,85.3
FCFS,7,9,97.1
FCFS,3,19,153.3
FCFS,7,14,124.6
FCFS,2,21,155.8
FCFS,4,1,37.2
FCFS,5,1,40.2
FCFS,2,6,92.8
FCFS,5,15,133.1
FCFS,8,20,154.6
FCFS,3,3,58.6
FCFS,6,14,128.7
FCFS,5,13,121.9
FCFS,7,10,103.6
FCFS,1,16,122.8
FCFS,4,8,90.5
FCFS,7,16,142.8
FCFS,3,20,163.6
FCFS,5,4,67.2
FCFS,9,21,165.9
FCFS,2,14,130.3
FCFS,2,15,136.3
FCFS,6,24,175.8
FCFS,4,5,76
FCFS,4,21,167.7
FCFS,3,21,167.6
FCFS,1,14,119.8
FCFS,1,15,132.1
FCFS,7,9,97
FCFS,3,5,77.2
FCFS,8,23,176.9
FCFS,7,1,43
FCFS,6,22,169.9
FCFS,3,19,160.1
FCFS,1,16,123.9
FCFS,1,2,45.9
FCFS,8,15,131.2
FCFS,8,6,78.3
FCFS,4,16,142
FCFS,9,15,126.7
FCFS,1,7,85.4
FCFS,3,21,165.3
FCFS,9,7,87.3
FCFS,6,20,152
FCFS,7,3,58.7
FCFS,4,21,164.9
FCFS,5,9,97.9
FCFS,7,24,173.7
FCFS,8,5,75.2
FCFS,3,6,84.3
FCFS,9,22,170.3
FCFS,8,17,140
FCFS,7,9,101.1
FCFS,6,18,151.3
FCFS,7,21,160.1
FCFS,9,9,94.2
FCFS,3,4,68.1
FCFS,8,2,47.3
FCFS,8,1,46.3
FCFS,9,12,121.8
FCFS,2,21,159.4
FCFS,9,4,65.2
FCFS,6,4,60
FCFS,1,18,130
FCFS,5,22,168
FCFS,8,17,140.9
FCFS,3,6,78.7
FCFS,4,1,38.2
FCFS,1,9,92.9
FCFS,5,22,165.1
FCFS,2,7,92.9
FCFS,4,18,147.8
FCFS,9,10,104.2
FCFS,1,7,85.4
FCFS,1,12,106.9
FCFS,4,16,146.4
FCFS,3,10,98.3
FCFS,7,12,113.7
FCFS,8,18,142
FCFS,7,17,142.7
FCFS,6,1,41.5
FCFS,3,19,161.2
FCFS,6,2,48.3
FCFS,8,17,145.8
FCFS,6,8,85.7
FCFS,1,13,105.8
FCFS,9,22,160.3
FCFS,7,16,136.1
FCFS,8,12,116.3
FCFS,2,13,117.9
FCFS,7,10,101.3
FCFS,8,15,127.3
FCFS,3,21,167.2
FCFS,8,10,104.5
FCFS,3,21,168.9
FCFS,6,16,135.9
FCFS,2,8,108.7
FCFS,6,12,120.6
FCFS,4,10,105.4
FCFS,8,8,90.8
FCFS,5,7,87.2
FCFS,8,18,153.8
FCFS,6,15,131.7
FCFS,4,12,114.2
FCFS,7,17,145
FCFS,9,6,78.2
FCFS,5,7,88.5
FCFS,3,8,96.2
FCFS,9,1,44.3
FCFS,8,12,111.6
FCFS,8,4,70.3
FCFS,9,24,184.1
FCFS,9,1,45
FCFS,7,18,148.9
FCFS,1,13,112.3
FCFS,1,8,86.8
FCFS,7,13,123.5
FCFS,9,23,171.3
FCFS,8,24,176.8
FCFS,3,6,81.4
FCFS,1,19,134.4
FCFS,1,5,69.7
FCFS,7,3,57.9
FCFS,8,8,92.2
FCFS,2,21,160.6
FCFS,4,14,135.1
FCFS,5,23,170.4
FCFS,4,17,137.4
FCFS,7,12,109.8
FCFS,6,20,156.5
FCFS,7,22,164.2
FCFS,7,22,172.5
FCFS,2,12,119.2
FCFS,6,11,111.6
FCFS,4,14,120.4
FCFS,3,9,106.4
FCFS,3,19,158.7
FCFS,2,1,34.7
FCFS,9,15,127.4
FCFS,3,22,161.3
FCFS,9,15,125.9
FCFS,4,21,164.9
FCFS,8,11,108.2
FCFS,1,4,59.6
FCFS,5,1,41.2
FCFS,2,12,116
FCFS,6,24,176
FCFS,1,9,94.6
FCFS,5,3,56.6
FCFS,9,15,128.5
FCFS,7,8,91.3
FCFS,5,6,76.7
FCFS,3,20,164.4
FCFS,7,17,138.9
FCFS,5,12,114.6
FCFS,6,20,162.7
FCFS,5,22,170.4
FCFS,9,2,49.1
FCFS,5,23,178.6
FCFS,6,7,85.6
FCFS,4,2,47
FCFS,1,14,118.3
FCFS,2,22,159.5
FCFS,2,8,96.4
FCFS,1,22,149.6
FCFS,1,1,32.1
FCFS,9,8,92.6
FCFS,8,24,175.7
FCFS,4,17,141.7
FCFS,1,14,111.4
FCFS,4,6,74.3
FCFS,5,13,118.8
FCFS,9,17,137.6
FCFS,4,8,92.3
FCFS,4,13,126.3
FCFS,6,3,51.5
FCFS,1,7,80.2
FCFS,8,21,165.1
FCFS,2,4,76.5
FCFS,6,15,129.4
FCFS,5,1,40.1
FCFS,5,20,154.2
FCFS,7,12,120.3
FCFS,9,6,77.5
FCFS,2,14,131.9
FCFS,6,7,86.5
FCFS,2,24,166.7
FCFS,6,9,96.9
FCFS,1,22,144.5
FCFS,9,10,102.3
FCFS,8,20,159.5
FCFS,5,17,147.8
FCFS,5,23,177.2
FCFS,3,21,161.3
FCFS,1,3,51.1
FCFS,5,18,156
FCFS,9,19,156.1
FCFS,7,2,47.7
FCFS,1,15,113.3
FCFS,9,1,46.2
FCFS,4,17,148
FCFS,4,21,160
FCFS,5,3,58
FCFS,2,14,129.5
FCFS,3,16,143.1
FCFS,1,24,162.7
FCFS,6,19,156.1
FCFS,2,20,156.7
FCFS,3,19,159.5
FCFS,1,13,106.8
FCFS,9,21,159.3
FCFS,5,20,163.7
FCFS,7,11,108.4
FCFS,1,20,138.2
FCFS,6,2,51.2
FCFS,8,1,43.4
FCFS,4,2,47.1
FCFS,4,8,95.1
FCFS,4,24,177.2
FCFS,4,10,103.6
FCFS,7,22,162.3
FCFS,8,17,136.1
FCFS,6,3,56.7
FCFS,2,19,155.1
FCFS,9,2,55.5
FCFS,3,24,187
FCFS,9,14,122.3
FCFS,7,3,56.5
FCFS,4,15,134.2
FCFS,4,22,172.6
FCFS,5,18,143.8
FCFS,1,2,41.2
FCFS,2,6,92.1
FCFS,4,1,38.1
FCFS,4,7,87.9
FCFS,4,5,75.7
FCFS,2,23,169.1
FCFS,2,3,66
FCFS,9,6,81.4
FCFS,8,9,94.9
FCFS,6,23,167.1
FCFS,2,1,36.4
FCFS,7,17,141
FCFS,1,6,74.6
FCFS,6,7,90.2
FCFS,6,21,169.9
FCFS,9,11,105.5
FCFS,5,17,138.3
FCFS,7,17,145.9
FCFS,9,16,132.7
FCFS,4,15,133
FCFS,7,21,163.3
FCFS,5,18,145.2
FCFS,4,9,105.8
FCFS,9,22,172.5
FCFS,6,13,120
FCFS,1,3,61
FCFS,1,12,106.6
FCFS,8,11,111
FCFS,5,8,93.8
FCFS,9,23,173
FCFS,7,3,55.7
FCFS,6,14,121.8
FCFS,9,24,178
FCFS,6,11,105.8
FCFS,5,11,108.1
FCFS,4,8,86.8
FCFS,5,5,79.6
FCFS,4,19,159.6
FCFS,2,11,121.8
FCFS,8,10,108.6
FCFS,3,4,69.6
FCFS,2,2,47.3
FCFS,4,12,117.4
FCFS,6,12,115.8
FCFS,8,1,42.6
FCFS,2,9,107.5
FCFS,7,24,188.1
FCFS,2,8,103
FCFS,2,3,64.6
FCFS,4,13,128.9
FCFS,3,24,179
FCFS,9,13,122.2
FCFS,7,8,91.3
FCFS,9,22,168.6
FCFS,1,8,84.7
FCFS,2,11,109.8
FCFS,2,2,51.3
FCFS,8,19,150.5
FCFS,4,16,139
FCFS,6,3,52.4
FCFS,8,11,105.8
FCFS,6,15,131.8
FCFS,2,5,83.5
FCFS,5,11,108.4
FCFS,6,5,75.2
FCFS,3,6,77.5
FCFS,1,15,115.6
FCFS,9,20,152.8
FCFS,2,19,154.5
FCFS,8,22,166.5
FCFS,5,13,119.6
FCFS,9,8,87.6
FCFS,2,9,101.7
FCFS,8,3,54.1
FCFS,5,22,167.6
FCFS,7,14,122
FCFS,9,2,51.8
FCFS,2,23,164.4
FCFS,9,16,133.4
FCFS,2,18,148.7
FCFS,4,6,89.4
FCFS,7,20,161.1
FCFS,2,21,161.3
FCFS,1,14,114.7
FCFS,9,9,96.8
FCFS,5,1,37.2
FCFS,3,12,124.6
FCFS,9,3,62.3
FCFS,7,12,111.1
FCFS,1,7,80.7
FCFS,6,2,48.3
FCFS,6,15,134.1
FCFS,5,2,46.3
FCFS,7,6,81
FCFS,6,2,45.2
FCFS,8,6,78
